# word	per_million
# Source: Google Books Ngram Viewer 1-gram English dataset (20120701),
# https://books.google.com/ngrams/info -- freely usable, no share-alike.
# Regenerate with scripts/build_english_frequency.py. Top 15000 words
# by total occurrence across a corpus of 378277505813 tokens.
the	70182.8228
of	40930.1883
and	29914.4667
to	25572.8733
in	22326.1391
a	20236.3172
is	11082.0275
that	10575.2343
for	8651.3953
it	7587.0993
as	7534.9513
was	7273.3572
with	6850.5015
be	6369.4549
by	6216.4140
on	6072.9110
not	5978.0450
he	5433.0970
i	5134.6081
this	5057.1975
are	4891.1466
or	4847.8909
his	4773.4369
from	4585.5179
at	4511.8148
which	4150.6812
but	3690.8656
have	3671.1578
an	3603.4829
had	3457.7988
they	3254.3833
you	3089.9738
were	3001.0806
their	2845.7638
one	2840.4742
all	2726.5167
we	2719.2838
can	2201.3078
her	2158.8347
has	2157.3317
there	2146.1710
been	2140.0179
if	2068.5568
more	2045.1229
when	2008.7578
will	1963.0283
would	1946.7308
who	1935.8784
so	1915.4487
no	1851.3063
she	1840.8362
other	1828.2655
its	1810.0921
may	1742.1656
these	1725.9624
what	1615.9201
them	1585.6534
than	1566.3342
some	1562.7622
him	1560.7164
time	1543.5621
into	1512.4135
only	1500.5257
do	1475.8977
such	1454.0510
my	1430.5289
new	1418.6123
about	1415.4639
out	1385.4946
also	1372.8226
two	1366.8273
any	1300.1617
up	1289.2689
first	1220.2047
could	1172.2742
our	1156.5092
then	1153.6391
most	1138.0054
see	1118.8776
me	1083.2881
should	1076.2528
after	1060.3597
said	1001.9040
your	992.3517
very	987.2045
between	983.4897
made	975.0206
many	968.4342
over	945.7569
like	938.2648
those	914.2333
did	911.7814
now	897.9339
even	895.5153
well	892.7499
where	887.7654
must	876.3320
people	870.6783
through	855.3131
how	832.8135
same	825.4886
work	821.8776
being	814.4728
because	809.3547
man	804.9874
life	802.6715
before	799.8983
each	794.7622
much	794.7361
under	774.0477
s	752.9392
years	744.4885
way	739.9111
great	736.4296
state	731.4409
both	718.7536
use	708.1998
upon	703.7602
own	692.9671
used	692.6980
however	686.2787
us	683.3244
part	681.7819
good	674.0274
world	668.6477
make	664.5955
three	644.7480
while	639.0028
long	630.9271
day	622.5662
without	615.3990
just	600.3047
men	600.2121
general	595.6108
during	592.3868
another	587.7906
little	585.3575
found	577.1126
here	571.4185
system	566.5808
does	563.9702
de	560.8034
down	558.5262
number	557.3486
case	550.2014
against	542.5177
might	541.3490
still	539.6350
back	537.3668
right	536.2718
know	536.0375
place	530.5577
every	519.8646
government	516.3460
too	512.5850
high	507.6919
old	507.3668
different	504.6048
states	501.4915
take	500.5046
year	498.8389
power	494.9272
since	491.1614
given	490.3253
god	487.3105
never	485.6340
social	479.7257
order	476.6928
water	469.6819
thus	466.3282
form	465.2320
within	464.9819
small	463.2647
shall	453.8967
public	453.0417
large	452.5728
law	447.1111
come	446.3210
less	445.9523
children	445.0752
war	443.4497
point	441.2868
called	435.8724
american	435.4080
again	431.1437
often	430.0887
go	428.2502
few	425.0009
among	424.7552
important	421.3826
end	420.8648
get	420.7110
house	418.5329
second	418.3232
though	417.3617
present	414.7133
example	414.3879
himself	412.2238
women	412.1041
last	410.0107
say	409.8343
left	405.5270
fact	400.9264
off	399.8844
set	399.6259
per	397.0637
yet	394.0320
hand	392.9187
came	389.3055
development	386.7111
thought	386.0800
always	382.4253
far	381.6780
country	380.4806
york	379.5071
school	378.2911
information	376.8700
group	376.2704
following	373.9193
think	373.1372
others	370.3106
political	368.8346
human	368.8107
history	367.1541
united	364.7408
give	364.5569
family	364.3331
find	362.5480
need	361.4792
figure	360.8555
possible	359.9814
although	356.8603
rather	356.7997
later	356.1158
university	353.7164
once	353.3576
course	353.2421
until	352.8445
several	352.7495
national	350.8165
whole	349.4752
chapter	348.0059
early	347.6145
four	347.5877
home	347.0384
means	346.2207
things	345.6344
process	345.2879
nature	341.8218
above	340.0448
therefore	339.2753
having	338.8603
certain	337.5232
control	336.6604
data	335.8577
name	334.3999
act	334.1946
change	333.3114
value	332.7079
body	332.6373
study	331.9598
et	329.6201
table	327.6401
become	327.0973
whether	325.1122
city	324.8474
book	323.4117
taken	323.1023
side	323.0107
times	322.8778
away	322.1522
c	321.5674
known	320.8538
period	318.2976
best	316.5930
b	316.1767
line	313.9142
am	312.0448
court	311.6318
john	311.0473
days	310.7969
put	310.1960
young	308.8913
seen	307.6995
common	307.3241
person	307.1158
either	306.4261
let	306.0307
why	305.0748
land	304.2665
head	303.4637
business	302.5470
company	302.0907
church	301.7586
words	300.5319
effect	300.0797
society	299.9945
around	298.6784
better	297.6110
nothing	297.0174
took	296.7881
white	295.7903
itself	295.2236
something	295.1519
light	294.9462
question	294.1358
almost	294.0398
went	293.6639
interest	293.1533
mind	290.9730
next	290.0302
least	289.9552
level	287.5074
themselves	286.7940
economic	286.4400
child	283.5401
death	283.1801
service	282.8739
view	282.5516
action	281.2192
five	280.7335
ii	279.8928
press	279.7251
father	278.8602
further	278.4386
love	277.7568
research	277.7077
area	277.4451
true	277.4449
education	277.3961
self	276.8967
age	274.9914
necessary	274.9553
subject	274.5622
want	274.5231
cases	274.5135
ever	274.4224
going	273.7558
problem	273.6981
free	272.4955
done	271.7629
making	269.9609
party	268.5052
king	268.4175
together	268.0080
century	267.8101
section	267.3966
using	266.3877
position	266.0499
type	264.9601
result	264.2657
help	263.3662
individual	263.0959
already	261.9737
matter	261.7513
full	260.9900
half	260.8790
various	260.8248
sense	260.6814
look	260.5175
based	260.4171
whose	259.3183
english	258.1417
south	257.6253
total	257.2676
class	255.9211
became	254.8139
perhaps	254.4932
london	254.2900
policy	253.0270
members	252.3836
al	250.2142
local	249.7699
enough	249.7479
particular	249.3125
rate	249.1871
air	247.1823
along	246.5547
mother	246.3435
knowledge	245.0749
face	244.1920
word	244.0040
kind	243.9131
open	243.5555
terms	242.4601
able	241.6049
money	241.5279
experience	241.4361
conditions	241.3703
support	241.2850
la	240.6727
problems	240.6081
real	239.9895
black	239.9581
language	238.6944
results	238.1322
room	237.4742
force	237.3472
held	236.7016
low	236.4990
according	236.3542
usually	236.2523
north	236.1373
show	235.9664
night	235.0308
told	234.9047
short	233.7674
field	233.3835
reason	231.0789
asked	229.6533
quite	229.2714
nor	229.2354
health	228.3412
special	228.3353
thing	228.3222
analysis	228.0553
eyes	227.6484
especially	226.2163
lord	223.4764
woman	223.2782
major	223.1718
similar	222.9668
care	222.8255
theory	222.4810
d	221.7243
brought	221.4111
whom	221.2647
office	219.5838
art	219.0521
production	218.9785
sometimes	218.4678
third	217.7680
shown	217.5895
british	217.4887
due	217.0837
international	216.2336
began	215.7972
single	215.7200
natural	215.4955
got	215.4309
account	215.1524
cause	214.3766
community	214.2614
saw	213.2707
heart	213.1433
soon	212.3818
changes	212.1966
studies	211.1842
groups	210.7171
method	210.2332
evidence	209.8376
seems	209.5294
greater	208.8581
required	208.5378
trade	208.2260
foreign	206.0109
west	205.8297
clear	205.4717
model	205.4169
near	204.8161
e	204.6466
students	204.3982
probably	203.9524
french	203.6758
gave	203.4562
including	203.2907
read	203.0217
england	202.6247
material	202.5166
term	202.2012
past	201.4402
report	200.4804
considered	200.3094
future	199.7227
higher	199.2955
structure	199.0630
fig	198.7657
available	198.3173
working	197.7416
felt	196.0103
tell	195.8434
amount	195.4317
really	194.8582
function	194.8458
keep	194.8374
indeed	194.6471
growth	194.3439
market	194.2961
non	193.5821
increase	193.1943
personal	193.1280
cost	193.1224
mean	192.9973
surface	192.5544
knew	192.5083
idea	192.1962
lower	191.9442
note	191.8851
program	191.5839
treatment	191.5039
six	190.9446
food	190.5199
close	190.3709
t	190.3252
systems	190.1356
blood	190.0277
population	189.9751
central	189.6826
character	189.4146
president	189.3211
energy	188.3773
property	187.9132
living	187.1633
provide	187.1044
specific	186.8515
science	186.7019
return	186.4835
practice	185.9786
hands	185.9693
role	185.8276
countries	185.5530
management	185.5290
toward	185.4780
son	185.3994
says	185.2954
generally	184.8399
influence	184.5637
purpose	184.1605
america	183.9005
received	183.8333
strong	183.6607
call	183.5319
services	183.4590
rights	183.4451
current	183.1335
m	183.0235
believe	182.4717
effects	182.2707
letter	182.0711
x	181.8251
looked	181.7218
story	180.7999
forms	180.3802
seemed	180.2116
ground	179.9868
main	179.4523
paper	179.2153
works	178.4282
areas	178.3633
modern	178.3362
provided	178.3044
moment	178.2272
written	178.1846
situation	177.9257
turn	177.7871
feet	177.5795
plan	177.0468
parts	176.9431
values	176.0791
movement	176.0599
private	175.0803
late	174.6868
size	174.0224
union	173.8946
described	173.8684
east	173.4709
test	173.4530
difficult	172.5950
feel	171.1922
river	170.5762
poor	170.3693
attention	170.1152
books	170.0932
town	169.5166
space	169.1120
o	168.5658
price	168.3487
turned	167.9659
rule	167.6115
percent	167.5673
activity	167.1013
across	166.5054
play	166.3449
building	166.3402
anything	166.3300
physical	166.2907
capital	166.1953
n	165.6812
hard	165.5601
makes	165.5359
sea	165.3593
cent	165.3167
approach	165.2663
pressure	164.9588
finally	164.9086
military	164.8546
middle	164.7018
sir	164.1027
longer	164.0510
spirit	163.5660
continued	163.4552
basis	163.1367
army	162.9887
red	162.5775
alone	162.4346
simple	162.3973
below	162.1413
series	162.1138
source	161.9292
increased	161.9134
sent	161.7743
particularly	160.5107
earth	160.3780
months	160.1540
department	160.1472
heard	160.0075
questions	159.9005
likely	159.6167
lost	159.5778
complete	159.2432
behind	158.9119
taking	158.5072
wife	158.1751
lines	157.8549
hours	157.5318
object	157.5139
twenty	157.3684
established	157.3396
committee	157.1186
related	157.0781
range	157.0705
truth	156.9253
income	156.8268
instead	156.6115
beyond	156.5291
rest	156.2605
developed	156.1138
outside	156.0692
organization	155.4090
religious	155.2427
board	155.0790
live	154.9596
l	154.7396
design	154.7145
needs	154.4702
persons	154.3119
except	154.2814
authority	154.2483
patient	153.9270
respect	153.5987
latter	153.5307
sure	153.4478
culture	153.3310
relationship	153.2746
ten	152.9413
methods	152.9082
followed	152.5470
william	152.3556
condition	152.3307
points	152.2141
addition	152.1522
direct	151.9328
seem	151.7316
industry	151.6537
college	151.5097
friends	151.1261
beginning	151.1196
hundred	151.0646
manner	151.0426
front	151.0074
original	150.7764
patients	150.7637
appear	150.6562
include	150.2325
shows	149.9115
ways	149.7357
activities	149.4954
relations	148.4707
writing	148.2443
council	147.9888
disease	147.9374
standard	147.9058
fire	147.7669
german	147.7471
france	147.6379
degree	147.4282
towards	147.3969
produced	147.3831
leave	147.3029
understand	147.2014
cells	147.1101
average	147.0143
march	146.7421
carried	146.6565
length	146.4841
difference	146.1639
simply	145.6921
normal	145.6299
vol	145.5268
quality	145.4451
street	145.4109
run	145.2277
answer	145.0494
morning	144.9291
loss	144.9190
doing	144.8516
stage	144.8223
pay	144.4531
today	144.0223
decision	144.0043
labor	143.7156
page	143.1651
v	142.7706
published	142.7226
workers	142.4240
bank	142.3732
top	142.3374
wanted	142.1529
journal	142.0802
passed	141.7021
door	141.6501
p	141.0972
importance	140.9157
western	140.8926
tax	140.6656
involved	140.4424
solution	140.1096
hope	140.0980
voice	139.8761
reading	139.6775
obtained	139.5841
bring	139.3624
peace	139.3561
needed	139.2523
placed	138.8581
chief	138.7042
species	138.4934
added	138.4870
europe	137.9679
looking	137.9189
factors	137.7804
laws	137.7647
behavior	137.7002
die	137.6600
response	137.2229
led	137.0330
association	137.0208
performance	137.0093
road	136.7337
issue	136.6982
consider	136.6682
learning	136.4592
equal	136.4577
india	136.4541
training	136.4385
forces	136.3542
cut	136.1933
earlier	136.1136
basic	136.0822
member	135.9816
friend	135.8692
lead	135.8309
appears	135.7511
types	135.7505
schools	135.7113
music	135.6530
james	135.6177
temperature	135.5279
christian	135.2676
volume	135.1268
kept	134.9960
review	134.8760
significant	134.8209
former	134.6194
j	134.6000
meaning	134.5100
associated	134.4465
wrote	133.8900
center	133.2900
direction	133.2713
everything	132.4555
job	132.4063
understanding	132.2558
region	132.1026
big	131.5011
hold	131.4419
opinion	131.4033
june	131.3439
text	131.3257
date	131.0360
application	131.0355
author	130.9756
f	130.6720
cell	130.6157
distribution	130.5946
fall	130.5629
becomes	130.5514
washington	130.4666
limited	130.2962
indian	130.2374
presence	130.1477
sound	130.0098
iii	129.8089
meeting	129.7047
clearly	129.3281
expected	129.3135
federal	129.0607
nearly	128.5079
r	128.4277
ed	128.3692
extent	128.3639
parents	128.3435
yes	128.0729
ideas	128.0712
medical	127.8054
observed	127.7561
actually	127.7332
final	127.7170
george	127.6888
miles	127.5957
elements	127.5366
list	127.2043
project	127.1973
product	127.1638
throughout	127.1322
christ	126.8238
discussion	126.6761
applied	126.3417
rules	126.1598
produce	126.0770
religion	126.0143
deep	125.9938
operation	125.7022
issues	125.4860
else	125.1891
mass	125.1443
coming	125.0987
determined	124.8830
european	124.7863
events	124.7108
oil	124.3508
security	124.3497
fine	124.3349
distance	124.2681
move	124.1974
effective	124.0437
paid	123.8971
nation	123.6319
step	123.6181
gives	123.5674
success	123.4329
literature	123.0404
products	122.9073
neither	122.8113
resources	122.7802
follow	122.7623
cross	122.4393
ask	122.0364
levels	121.9965
immediately	121.9738
certainly	121.8785
principle	121.8779
moral	121.7189
july	121.2744
formed	121.2566
reached	121.2505
faith	121.1806
deal	121.1251
recent	120.8461
legal	120.6041
administration	120.5784
comes	120.5117
materials	120.4726
potential	120.3522
presented	120.2050
congress	120.1813
civil	120.1413
directly	119.8991
meet	119.8606
met	119.8384
principles	119.8297
expression	119.7117
myself	119.5968
born	119.3542
wide	119.2821
post	119.2321
justice	119.0370
strength	119.0134
relation	118.9641
statement	118.9234
financial	118.8906
dead	118.8847
larger	118.7454
cultural	118.6915
historical	118.2628
existence	117.7527
built	117.6084
weight	117.5488
reference	117.3920
feeling	117.3699
round	117.2169
reported	116.7895
risk	116.7573
appeared	116.4241
included	116.2658
scale	116.2448
individuals	116.1241
supply	116.0239
million	115.8054
differences	115.7797
write	115.5190
doubt	114.7804
hour	114.7067
industrial	114.6126
april	114.4847
primary	114.4149
base	114.3567
letters	114.3119
interests	114.2097
numbers	114.1723
seven	114.1060
places	113.8717
wall	113.8040
complex	113.7843
entire	113.7732
try	113.7048
county	113.6952
article	113.6892
costs	113.6108
thinking	113.3232
record	113.1585
flow	113.1255
follows	113.0726
sun	113.0593
attempt	112.7818
bad	112.7694
instance	112.7495
commission	112.7467
easily	112.5968
unit	112.4543
died	112.2379
green	112.1985
charles	112.1282
week	112.0016
demand	111.7783
acid	111.6073
environment	111.5615
proper	111.3587
takes	111.2223
positive	111.1342
talk	111.0238
active	110.9827
image	110.9346
plant	110.8279
freedom	110.8075
library	110.6652
dark	110.5915
mentioned	110.4226
key	110.4205
co	110.3406
speak	110.3288
allowed	110.2717
whatever	110.2324
concerned	110.1711
measure	109.9151
lives	109.9120
merely	109.7650
fear	109.7423
paris	109.7133
independent	109.6733
heat	109.5979
circumstances	109.5225
thomas	109.3585
giving	109.2028
master	108.9868
tried	108.9443
china	108.8542
eye	108.7941
upper	108.4028
gone	108.3703
actual	108.2299
cold	108.1390
frequently	107.9388
eight	107.7466
ability	107.7253
unless	107.7048
regard	107.6756
henry	107.5995
status	107.5765
hear	107.5653
thousand	107.3042
minutes	107.2192
parties	107.2183
stock	107.1844
student	107.1555
rise	107.1491
arms	107.0077
factor	107.0006
charge	106.9692
easy	106.9240
created	106.7489
stand	106.6497
started	106.4236
share	106.3595
picture	106.3592
content	106.3553
herself	106.1643
agreement	106.1086
remember	105.9658
constant	105.9633
none	105.9420
popular	105.8403
appropriate	105.7722
style	105.6193
start	105.5754
goods	105.4908
considerable	105.4391
ready	105.2269
occur	105.0551
y	105.0490
notes	105.0349
forward	104.9237
rates	104.7343
returned	104.6841
defined	104.6052
construction	104.2736
minister	104.2699
useful	104.2509
remain	104.2304
nations	104.1927
island	104.1775
stood	104.0018
choice	103.9369
district	103.8725
speech	103.8247
economy	103.6166
jesus	103.5655
moved	103.5075
powers	103.3428
paul	103.1838
desire	103.1293
division	103.1136
bill	102.9749
germany	102.9526
highly	102.8939
task	102.8032
staff	102.7151
additional	102.6564
progress	102.5999
site	102.5790
reasons	102.3385
serious	102.2423
re	102.1081
gold	102.0732
boy	102.0685
brother	102.0366
remained	102.0148
january	101.9739
sort	101.4360
relative	101.3453
pass	101.3038
previous	101.2997
pain	101.2356
separate	101.0961
planning	101.0337
lay	101.0031
exchange	100.9822
der	100.7292
processes	100.7145
robert	100.6729
critical	100.6468
animals	100.6232
ancient	100.5356
functions	100.5223
october	100.4405
august	100.3920
sufficient	100.3369
discussed	100.1796
marriage	99.9225
remains	99.8577
programs	99.8077
introduction	99.5998
effort	99.5696
memory	99.5546
girl	99.5155
sources	99.4898
internal	99.4341
soul	99.2794
bed	99.2493
news	99.2481
des	99.1926
le	99.1903
brown	99.1662
caused	99.1627
chinese	99.1602
lack	98.9512
husband	98.6213
september	98.5620
lived	98.5040
learn	98.4077
command	98.3503
politics	98.2298
december	98.1599
duty	98.0922
teacher	98.0063
daily	98.0021
technology	97.9895
essential	97.9728
allow	97.8235
box	97.7792
iron	97.6978
failure	97.5931
decided	97.2889
concept	97.2817
noted	97.2436
names	97.0311
getting	96.9866
pattern	96.9807
ago	96.9646
phase	96.8770
teachers	96.8598
otherwise	96.7409
variety	96.6326
determine	96.5364
hence	96.4650
blue	96.4572
prepared	96.3900
figures	96.3801
contact	96.3534
lot	96.3510
continue	96.2079
measures	96.1925
h	96.1857
heavy	95.9789
labour	95.9278
companies	95.9053
suggested	95.9022
southern	95.8907
subjects	95.7197
features	95.6494
communication	95.6440
fully	95.5713
officers	95.5425
wish	95.4852
opportunity	95.4689
computer	95.3673
exercise	95.2577
police	95.2130
create	95.2034
reality	95.0635
worked	94.9626
add	94.9579
learned	94.8867
inside	94.8544
description	94.7938
teaching	94.7843
summer	94.7322
gas	94.6807
car	94.5960
scientific	94.5676
title	94.4014
soil	94.1786
claim	94.1502
objects	94.1148
village	94.0952
trying	94.0470
traditional	94.0057
protection	93.8491
entirely	93.8487
employed	93.8145
soviet	93.7896
fixed	93.7511
lady	93.6708
provides	93.6087
efforts	93.5942
capacity	93.5803
completely	93.4437
expressed	93.3396
majority	93.1228
iv	93.0766
principal	93.0322
purposes	93.0110
mental	92.9431
access	92.8761
saying	92.8072
raised	92.7819
reduced	92.6569
families	92.6152
changed	92.5151
compared	92.4722
practical	92.3409
successful	92.0813
interesting	92.0694
code	91.9857
causes	91.9214
increasing	91.9043
plants	91.8482
impossible	91.7534
growing	91.7131
facts	91.6808
develop	91.6552
color	91.6404
begin	91.6138
someone	91.6089
event	91.5875
somewhat	91.5241
month	91.4674
offered	91.2886
notice	91.2509
revolution	91.2027
philosophy	91.1133
leading	91.0524
showed	90.9464
ones	90.9427
affairs	90.8286
beautiful	90.7245
relatively	90.6659
covered	90.6340
employment	90.6224
offer	90.5913
november	90.5530
operations	90.5348
wrong	90.4921
negative	90.4494
examples	90.4305
require	90.4043
acts	90.3064
attack	90.1556
tree	90.0394
address	89.8989
institutions	89.8734
aid	89.8427
africa	89.8096
david	89.7111
proposed	89.6397
hall	89.6369
motion	89.5591
receive	89.5354
till	89.5063
g	89.4806
carry	89.3381
connection	89.3380
female	89.3259
serve	89.1051
weeks	89.0058
stone	88.9702
quickly	88.9330
constitution	88.7665
formation	88.6753
evening	88.6433
race	88.4812
animal	88.4564
procedure	88.4286
collection	88.0398
annual	87.9860
royal	87.9403
secretary	87.9016
rich	87.8981
en	87.7775
male	87.6877
professional	87.6735
greatest	87.6459
context	87.4296
trust	87.3633
units	87.3538
trees	87.2820
mary	87.2671
appearance	87.2353
firm	87.2007
balance	87.0840
britain	87.0073
spring	86.9226
stop	86.8071
reaction	86.7391
characteristics	86.6793
leaders	86.5610
sample	86.5455
classes	86.3121
foot	86.2824
battle	86.2319
contract	86.2218
thirty	86.2052
accepted	86.1927
japanese	86.1806
matters	85.9905
resistance	85.9049
hair	85.8903
believed	85.7822
drawn	85.7809
reports	85.7746
standing	85.7713
equipment	85.7287
california	85.5212
wood	85.2956
floor	85.2554
married	85.2153
argument	85.0777
mark	85.0747
file	85.0255
smith	84.9903
miss	84.9265
hill	84.8718
opened	84.8121
daughter	84.7586
despite	84.6926
properties	84.6814
conference	84.6636
oh	84.6305
glass	84.6276
advantage	84.5031
external	84.4511
prevent	84.4076
goes	84.3543
output	84.2477
judge	84.2032
houses	84.1959
stated	84.1884
represented	83.9565
investment	83.9332
enemy	83.9206
papers	83.8102
japan	83.7732
piece	83.7571
credit	83.7479
commercial	83.6785
northern	83.6348
square	83.5741
reach	83.3747
actions	83.0317
contains	82.9696
meant	82.9395
hospital	82.9324
conflict	82.9270
native	82.9172
visit	82.9082
february	82.8331
existing	82.7381
designed	82.6118
judgment	82.5695
fell	82.5153
sex	82.3626
entered	82.3015
film	82.2940
initial	82.2362
records	82.2049
official	82.1768
african	81.9814
holy	81.8299
requires	81.8073
enter	81.7017
explain	81.6835
happened	81.6580
introduced	81.5682
worth	81.4877
sat	81.4694
roman	81.3319
concerning	81.2466
educational	81.2206
treated	81.1957
officer	81.1493
element	81.0450
prices	81.0304
fair	80.9782
skin	80.9753
aspects	80.8246
conduct	80.7618
cover	80.7542
ordinary	80.7068
ship	80.6252
forth	80.5625
double	80.4893
contrast	80.4495
responsibility	80.3279
moving	80.2748
avoid	80.2504
technical	80.1120
mouth	79.9761
k	79.8849
running	79.7930
exist	79.7457
network	79.6984
impact	79.6393
responsible	79.6053
rose	79.5903
arrived	79.5581
portion	79.4978
occurs	79.4799
requirements	79.3539
intended	79.3284
machine	79.3244
search	79.1538
steps	79.1105
views	78.9511
leaves	78.9192
understood	78.7805
served	78.7543
san	78.7449
spent	78.6758
definition	78.6598
powerful	78.6115
governor	78.5721
game	78.5654
scene	78.5633
filled	78.5427
brain	78.4895
chance	78.4140
shape	78.3726
origin	78.2960
spiritual	78.2300
numerous	78.2101
happy	78.2033
obtain	78.1830
window	78.1243
cities	78.0717
closed	78.0566
fish	77.9723
stress	77.9666
setting	77.9077
standards	77.7958
ibid	77.7952
professor	77.7949
sexual	77.7851
eastern	77.7346
older	77.7079
smaller	77.6921
consideration	77.6542
trial	77.6502
speaking	77.6424
models	77.5197
winter	77.3634
correct	77.3088
hot	77.2843
boys	77.2793
stay	77.1952
removed	77.1660
plans	77.0950
perfect	77.0376
sales	76.9476
leaving	76.8596
accept	76.7969
fields	76.7936
usual	76.7643
prior	76.7501
captain	76.7296
suddenly	76.6971
apply	76.6887
domestic	76.6736
tradition	76.6513
frequency	76.5842
marked	76.5681
horse	76.5256
speed	76.5024
benefit	76.3413
concern	76.3128
wind	76.3112
index	76.2593
difficulty	76.2490
birth	76.2427
moreover	76.1091
passage	75.9402
ought	75.7780
relationships	75.7311
laid	75.6552
uses	75.5074
corporation	75.4081
organizations	75.3804
transfer	75.2556
selected	75.2330
regular	75.1385
agreed	75.1293
named	75.0647
error	74.9792
fourth	74.9319
maximum	74.9317
conclusion	74.9006
joint	74.7955
dry	74.7779
bodies	74.7747
sign	74.7635
divine	74.7004
richard	74.6865
lake	74.6744
focus	74.5520
bear	74.5454
institute	74.4056
techniques	74.3879
chicago	74.3765
regarded	74.3648
referred	74.1043
survey	74.1028
centre	74.0853
peter	74.0819
recently	74.0419
examination	74.0381
chemical	73.9254
whereas	73.8214
orders	73.7789
jewish	73.7264
suppose	73.6850
ill	73.6595
nevertheless	73.5856
girls	73.5152
hardly	73.5150
decisions	73.4215
everyone	73.2821
highest	73.2244
queen	73.2115
forced	73.1867
urban	73.1544
bound	72.8659
tests	72.7817
exactly	72.5728
performed	72.5645
equation	72.4890
details	72.4787
patterns	72.4535
troops	72.3714
possibility	72.3692
includes	72.3506
absence	72.2421
feelings	72.1644
indicated	72.1350
rock	72.1202
represent	72.0657
proved	72.0297
kinds	72.0265
kingdom	71.9735
bottom	71.9678
policies	71.9208
largely	71.8124
apparently	71.7885
structures	71.7687
maintain	71.7567
greek	71.7341
coast	71.7177
interpretation	71.6686
attitude	71.6639
canada	71.6615
van	71.6599
station	71.6593
equally	71.6276
opposite	71.5840
divided	71.4698
prince	71.3786
evil	71.2931
plate	71.2921
adopted	71.2537
gain	71.2118
comparison	71.2068
edition	71.1995
developing	71.0750
agricultural	71.0586
bit	71.0475
spread	71.0401
explained	71.0265
immediate	71.0169
path	71.0115
message	71.0089
net	70.9743
check	70.9424
connected	70.8418
walls	70.7727
russian	70.6192
pure	70.5484
break	70.3699
holding	70.3565
ratio	70.3328
environmental	70.2829
claims	70.2751
send	70.2390
suggest	70.1740
containing	70.1001
sides	69.9837
secondary	69.9593
reader	69.9411
occurred	69.9338
sight	69.8939
stories	69.8771
americans	69.8688
anyone	69.6836
media	69.6377
belief	69.6072
benefits	69.5297
concentration	69.4718
dear	69.4461
opening	69.1234
indicate	69.0838
nine	69.0721
generation	69.0246
affected	68.9939
team	68.9778
farm	68.9738
save	68.9699
discovered	68.8998
forest	68.8947
doctor	68.8794
recognized	68.8047
advanced	68.7731
assembly	68.7513
assumed	68.7480
occasion	68.6975
interested	68.5568
danger	68.5306
mere	68.5178
broad	68.4932
indians	68.4615
insurance	68.4104
broken	68.3998
identity	68.3579
pleasure	68.3517
spanish	68.2802
agent	68.1444
yourself	68.1291
courts	68.1268
aware	68.1187
played	67.9992
failed	67.9013
medium	67.8297
youth	67.8286
director	67.8027
extended	67.7891
empire	67.6467
derived	67.6413
clinical	67.6398
supposed	67.6135
pages	67.5756
literary	67.5239
killed	67.4595
proportion	67.4197
safety	67.3566
arm	67.3535
writer	67.3005
alternative	67.2905
sleep	67.2638
items	67.2050
struggle	67.1423
und	67.1062
obvious	67.1018
fresh	67.0674
knows	67.0538
fit	67.0411
showing	67.0392
anti	66.9962
articles	66.9699
drug	66.9392
sum	66.9370
drive	66.8249
finding	66.8059
rome	66.7232
previously	66.6889
carefully	66.6427
selection	66.5421
assistance	66.5269
expect	66.4650
employees	66.3816
leader	66.2262
parliament	66.1854
cambridge	66.1821
park	66.1229
accounts	66.0936
trouble	66.0758
slowly	66.0686
valley	66.0413
fast	66.0393
typical	66.0350
rural	65.8113
appointed	65.8000
election	65.7065
supreme	65.6735
closely	65.6642
estate	65.5471
variable	65.5110
citizens	65.4813
oxford	65.4535
characteristic	65.3942
formal	65.3915
besides	65.3740
metal	65.3575
pointed	65.3406
foundation	65.2944
guide	65.2801
mode	65.2514
steel	65.2341
express	65.2227
agency	65.1642
sold	65.0966
contained	65.0757
skills	65.0744
doctrine	64.9782
wild	64.9693
les	64.9231
vision	64.8687
opposition	64.7930
slightly	64.7789
secret	64.6958
lies	64.6898
silver	64.6816
democratic	64.6712
straight	64.6674
banks	64.6632
increases	64.6400
choose	64.6279
fundamental	64.6254
sought	64.6119
beauty	64.5579
directed	64.5402
location	64.4668
spoke	64.4530
sister	64.3734
heaven	64.3188
thoughts	64.2935
reform	64.2508
grand	64.1602
apart	64.1306
detail	64.0668
contain	63.9645
assume	63.9084
prove	63.8339
fight	63.8259
soldiers	63.7981
edge	63.7462
career	63.7390
strategy	63.7135
supported	63.7113
consciousness	63.5866
creation	63.5338
catholic	63.4878
severe	63.3549
background	63.3245
suggests	63.3028
walk	63.2699
boston	63.2493
movements	63.2389
describe	63.1693
bar	63.1326
fifty	63.0976
latin	63.0948
mountain	63.0832
establish	63.0553
composition	62.9485
garden	62.9478
grant	62.9235
w	62.9163
violence	62.8870
russia	62.8821
quantity	62.8813
camp	62.8513
strange	62.8439
famous	62.7625
intellectual	62.6198
du	62.5393
provisions	62.5240
studied	62.4556
regions	62.4204
extremely	62.3595
measured	62.3476
changing	62.2967
poetry	62.2953
apparent	62.2400
rapidly	62.2065
greatly	62.1952
excellent	62.1836
components	62.1290
brief	62.1237
solid	62.0910
becoming	62.0826
reduce	62.0676
sections	62.0346
false	62.0289
identified	62.0238
absolute	61.9352
ordered	61.9107
dependent	61.8930
chosen	61.8531
evaluation	61.8164
seeing	61.7835
declared	61.7808
writers	61.7645
experiences	61.7236
jews	61.6880
funds	61.6641
mission	61.6438
drawing	61.6275
significance	61.6132
mexico	61.4782
difficulties	61.4477
leadership	61.4333
experimental	61.4059
ourselves	61.3855
procedures	61.3645
intelligence	61.2955
passing	61.2946
practices	61.2759
advance	61.2733
technique	61.2252
operating	61.1915
universal	61.1872
authorities	61.1725
executive	61.0683
references	61.0569
ran	61.0491
relief	61.0096
regarding	60.9742
possibly	60.9316
thou	60.8990
confidence	60.8543
reduction	60.7811
appeal	60.7695
draw	60.7605
regional	60.7393
minimum	60.7332
assessment	60.7156
multiple	60.6839
familiar	60.6605
independence	60.6543
defense	60.5797
seek	60.5018
combination	60.4848
capable	60.4539
contrary	60.4428
combined	60.3431
el	60.3429
pieces	60.3046
variables	60.2587
organized	60.2555
duties	60.1994
explanation	60.1864
republic	60.1573
superior	60.1499
italy	60.1169
sale	60.1065
consists	60.0589
un	60.0372
twelve	60.0212
forty	60.0108
contemporary	59.9407
wealth	59.9367
necessarily	59.9134
depends	59.9030
please	59.8724
medicine	59.8707
limits	59.8642
build	59.8323
ideal	59.7732
wave	59.7174
mine	59.6949
parallel	59.6749
characters	59.6662
reasonable	59.6309
subsequent	59.5518
objective	59.4997
located	59.4721
symptoms	59.4697
treaty	59.4219
height	59.3688
experiments	59.3657
lands	59.3572
tissue	59.3097
convention	59.3092
signs	59.2590
mm	59.2579
fellow	59.2278
resolution	59.1818
version	59.1353
pre	59.1185
rapid	59.0932
crime	59.0727
lie	59.0473
eventually	59.0408
inner	59.0407
stopped	59.0400
competition	58.9914
psychology	58.9614
waiting	58.9542
u	58.9216
talking	58.9058
therapy	58.8890
soft	58.7481
corresponding	58.7114
signal	58.7103
limit	58.6767
replied	58.6442
calls	58.6335
taught	58.5784
goal	58.5595
grow	58.5419
payment	58.4983
ends	58.4731
engaged	58.4717
completed	58.4116
joseph	58.3971
minute	58.3579
copy	58.2975
affect	58.2261
distinct	58.2043
campaign	58.0829
protein	58.0780
plane	58.0678
applications	58.0660
represents	58.0333
buildings	58.0155
sector	57.9934
slow	57.9713
agents	57.9475
walked	57.9056
demands	57.9055
edward	57.8896
sentence	57.7912
necessity	57.7871
column	57.7671
images	57.7655
von	57.7596
novel	57.7043
substance	57.7027
consequence	57.6060
louis	57.5635
adult	57.5265
printed	57.4988
consequences	57.4847
psychological	57.4626
experiment	57.4409
vi	57.3567
approximately	57.3561
block	57.3100
store	57.2940
statements	57.2799
layer	57.2579
yellow	57.2515
observations	57.2356
season	57.1994
israel	57.1943
personality	57.1642
plain	57.1504
arts	57.1450
desired	57.1448
maybe	57.0853
keeping	57.0356
permanent	57.0176
welfare	56.9723
territory	56.9345
mainly	56.8649
museum	56.8584
buy	56.8405
narrow	56.8310
cast	56.7924
watch	56.7721
answered	56.7233
communities	56.7014
crisis	56.6995
providing	56.6795
tend	56.6487
authors	56.6323
feature	56.5914
scheme	56.5433
recorded	56.5134
positions	56.4836
agriculture	56.4709
count	56.3817
cash	56.3463
profit	56.2934
bishop	56.2932
projects	56.2413
possession	56.2289
perspective	56.1408
distinction	56.1376
resulting	56.1305
thy	56.0593
safe	55.9409
primarily	55.9146
naturally	55.8991
touch	55.8961
aspect	55.8833
sitting	55.8611
carrying	55.8197
settlement	55.7031
recognition	55.6865
branch	55.5929
grace	55.5371
institution	55.4383
milk	55.4302
johnson	55.3931
unable	55.3831
joined	55.3770
shot	55.3647
officials	55.3129
controlled	55.2939
audience	55.2824
proof	55.2759
liberty	55.1963
extreme	55.1917
pretty	55.1644
granted	55.1379
bone	55.1091
issued	55.0928
agree	55.0769
dollars	55.0505
establishment	55.0448
transport	55.0346
salt	54.9984
crown	54.9919
circle	54.9895
spain	54.9713
maintained	54.9642
extensive	54.9562
remaining	54.9475
warm	54.9275
relevant	54.9137
mountains	54.8785
damage	54.8708
hearing	54.8570
gradually	54.8068
temple	54.7929
determination	54.6353
representation	54.6323
publication	54.6304
achieved	54.6255
helped	54.6197
observation	54.6045
repeated	54.5812
attempts	54.5533
radio	54.5168
wait	54.4803
refused	54.4587
windows	54.4577
leads	54.4020
looks	54.3963
summary	54.3909
vast	54.3885
evident	54.3146
emphasis	54.2868
train	54.2649
input	54.2510
baby	54.2410
partly	54.2324
detailed	54.2318
minor	54.2300
ice	54.1893
thin	54.1839
travel	54.1836
motor	54.1779
improvement	54.1485
unknown	54.1253
eat	54.1029
periods	54.1007
depth	54.0969
grew	54.0169
poet	54.0121
escape	54.0052
caught	53.9581
client	53.9445
cm	53.9023
experienced	53.8188
ministry	53.7788
sequence	53.7746
valuable	53.7605
nuclear	53.7570
port	53.7322
user	53.7157
willing	53.6372
percentage	53.6356
strongly	53.6288
document	53.6090
band	53.6022
conversation	53.5894
ships	53.5357
emperor	53.5049
exists	53.4885
tendency	53.4740
sons	53.4262
finished	53.4181
advice	53.4063
overall	53.3187
wants	53.3097
secure	53.2931
cancer	53.2741
instrument	53.2574
request	53.2256
mixed	53.2118
sit	53.1965
situations	53.1910
afterwards	53.1408
perform	53.1191
academic	53.1117
estimated	53.1028
preparation	53.0823
virginia	53.0789
consequently	53.0785
begins	53.0586
cycle	53.0438
attached	53.0314
global	53.0048
widely	52.9793
instruction	52.9714
proceedings	52.9224
provision	52.9182
manager	52.8805
italian	52.8308
commonly	52.8030
sets	52.7814
purchase	52.7781
sites	52.7292
mr	52.6651
investigation	52.6557
dog	52.6532
bridge	52.6493
properly	52.5338
circuit	52.5307
component	52.4620
select	52.4580
composed	52.4281
obviously	52.4171
sin	52.3890
interaction	52.3421
ages	52.2932
respectively	52.2801
curve	52.2486
density	52.2261
criticism	52.1475
map	52.1058
careful	52.0887
settled	52.0169
concepts	51.9995
criminal	51.8972
electric	51.8842
knowing	51.8760
turning	51.8541
angle	51.8523
largest	51.8341
goals	51.7483
heads	51.7217
weak	51.6494
load	51.6459
debt	51.6182
distinguished	51.6142
club	51.5902
protect	51.5554
plus	51.4640
identify	51.4150
corner	51.4020
engineering	51.3710
facilities	51.3697
dream	51.3425
vote	51.3190
fairly	51.2885
industries	51.2842
documents	51.2678
web	51.2578
adequate	51.2397
fund	51.2277
evolution	51.2244
tone	51.2166
processing	51.2046
asia	51.2022
entry	51.1954
expansion	51.1943
birds	51.1856
happen	51.1468
emotional	51.1409
entitled	51.0944
frame	51.0801
duke	51.0788
efficiency	51.0481
opportunities	51.0144
dangerous	50.9773
achieve	50.9592
acting	50.9365
grown	50.8739
representative	50.8566
inches	50.8487
governments	50.8060
equivalent	50.7998
vessels	50.7887
sugar	50.7726
song	50.7524
collected	50.7446
similarly	50.7440
discuss	50.6989
commerce	50.6843
bay	50.6526
testing	50.5913
islands	50.5880
bright	50.5647
administrative	50.5494
horses	50.5470
flat	50.5057
coal	50.4686
indicates	50.4392
acquired	50.4276
unity	50.4170
firms	50.3943
conducted	50.3805
legislation	50.3463
liquid	50.2628
muscle	50.2551
mention	50.2463
owner	50.2337
truly	50.2150
couple	50.1266
que	50.1107
playing	50.1060
editor	50.0595
shared	50.0356
participation	50.0298
continuous	50.0211
loved	50.0065
taxes	49.9905
flowers	49.9839
yield	49.9174
spot	49.9132
unique	49.8420
release	49.8336
stages	49.8156
starting	49.8093
interview	49.7958
stream	49.7926
irish	49.7906
suitable	49.7725
ireland	49.7445
markets	49.7236
rare	49.7093
improve	49.6919
boat	49.6741
notion	49.6631
television	49.6428
chair	49.6148
tools	49.6068
weather	49.5862
remove	49.5760
hotel	49.5720
liberal	49.5583
centuries	49.4884
democracy	49.4214
lose	49.4160
stands	49.2918
consumption	49.2609
maintenance	49.2604
thick	49.2447
occupied	49.2334
michael	49.1883
contents	49.1554
fluid	49.0174
tube	48.9993
regulations	48.9798
display	48.9777
opposed	48.9184
realized	48.8837
permission	48.8646
seat	48.8473
prayer	48.8044
refer	48.7540
promise	48.7284
visual	48.7072
colonial	48.6846
pictures	48.6511
fifth	48.6272
fruit	48.5838
dinner	48.5620
remarkable	48.5620
elsewhere	48.5385
root	48.5352
won	48.4831
journey	48.4742
silence	48.4215
bearing	48.4091
raise	48.3610
quiet	48.3598
st	48.3343
virtue	48.1999
probability	48.1707
martin	48.1524
suffering	48.1070
twice	48.0994
extension	48.0571
star	48.0460
mechanical	48.0184
mid	47.9805
ring	47.9619
taste	47.9539
occasionally	47.9397
committed	47.9327
substantial	47.9088
allows	47.8967
housing	47.8672
theoretical	47.8512
parent	47.8199
mechanism	47.8097
regulation	47.7644
thousands	47.7504
wisdom	47.7347
join	47.7030
ball	47.6968
worse	47.6486
drugs	47.5791
degrees	47.5631
chain	47.5628
los	47.4668
improved	47.4139
instances	47.4134
calculated	47.3892
injury	47.3703
target	47.3522
sell	47.2742
responses	47.2733
founded	47.1909
neck	47.1768
exception	47.1720
zone	47.1641
visible	47.1007
accompanied	47.0216
concerns	47.0126
dealing	46.9881
rising	46.9836
agencies	46.9817
arrangement	46.9808
readily	46.9663
admitted	46.9084
plays	46.9074
clean	46.8579
towns	46.8476
argued	46.8107
recognize	46.7215
drop	46.6208
theories	46.5877
pair	46.5755
quarter	46.5577
spite	46.4639
solutions	46.4440
sharp	46.4252
quoted	46.3944
poem	46.3637
churches	46.3544
concrete	46.3494
afternoon	46.3136
essentially	46.2957
contribution	46.2304
producing	46.2201
involves	46.2136
ad	46.1774
examined	46.1150
wonder	46.0525
consistent	46.0474
variation	46.0441
challenge	46.0395
bible	46.0357
waters	46.0217
revealed	46.0209
attitudes	46.0191
shift	46.0175
nineteenth	45.9894
streets	45.9863
informed	45.9812
structural	45.9333
elected	45.9325
zero	45.9286
sciences	45.9116
exposed	45.8618
item	45.8268
laboratory	45.8234
province	45.8218
atmosphere	45.8054
di	45.7492
revenue	45.7458
waste	45.7207
fort	45.7170
session	45.7028
fat	45.6928
fashion	45.6381
approaches	45.6327
illustrated	45.6275
personnel	45.6160
ahead	45.6152
sky	45.5978
communist	45.5960
frequent	45.5830
originally	45.5640
vice	45.5544
societies	45.5528
prime	45.4983
fighting	45.4758
wise	45.4451
thereby	45.4296
device	45.4071
charged	45.3796
poverty	45.3660
wine	45.3596
readers	45.3457
grounds	45.3146
representatives	45.2809
household	45.2765
transition	45.2751
behaviour	45.2716
software	45.2583
pacific	45.2363
diseases	45.2194
carbon	45.1912
amounts	45.1874
grade	45.1861
channel	45.1704
jobs	45.1304
mail	45.1119
core	45.1076
creating	45.1049
offers	45.0736
sec	45.0117
frank	44.9731
oxygen	44.9707
claimed	44.9641
tables	44.9279
discovery	44.8896
perfectly	44.8864
branches	44.8781
cotton	44.8535
colonel	44.7656
aside	44.7155
joy	44.6956
suffered	44.6920
op	44.6916
sand	44.6535
sweet	44.6354
categories	44.6236
farmers	44.6152
victory	44.5893
wages	44.5890
drink	44.5526
younger	44.5481
minds	44.5324
decide	44.5280
destruction	44.5258
ensure	44.5198
whenever	44.4708
increasingly	44.4205
beneath	44.4130
impression	44.4027
constitutional	44.3922
colour	44.3028
reactions	44.2894
corporate	44.2546
fifteen	44.2374
begun	44.2110
rain	44.2049
wilson	44.1330
texas	44.1117
extra	44.0975
arguments	44.0900
organic	44.0768
gray	44.0764
driven	44.0740
noise	44.0701
instructions	44.0397
sacred	44.0340
velocity	44.0283
afraid	43.9981
satisfaction	43.9855
translation	43.9481
imagine	43.9440
destroyed	43.8694
guard	43.8461
strategies	43.8438
estimate	43.8186
classical	43.8075
onto	43.7844
statistics	43.7585
enterprise	43.7352
depression	43.7245
instruments	43.7140
languages	43.7128
favor	43.6939
meetings	43.6931
calling	43.6880
surely	43.6710
unlike	43.6687
quick	43.6528
sunday	43.6255
nerve	43.6134
sub	43.6047
conscious	43.5954
brothers	43.5730
framework	43.5683
strike	43.5595
rooms	43.5360
narrative	43.5341
managed	43.4999
skill	43.4915
ocean	43.4908
tells	43.4863
huge	43.4660
ended	43.4647
depend	43.4559
logic	43.4322
enjoy	43.4142
assets	43.4058
examine	43.3751
findings	43.3415
expense	43.3012
teeth	43.2889
budget	43.2839
painting	43.2734
manufacturing	43.2478
separated	43.2256
directions	43.2253
furthermore	43.2036
advantages	43.1928
finds	43.1814
route	43.1764
empty	43.1737
thank	43.1465
category	43.1368
appendix	43.1169
intensity	43.1059
chamber	43.0668
artist	43.0566
lying	43.0538
measurement	43.0537
assigned	43.0291
constantly	42.9740
drew	42.9648
struck	42.8793
assumption	42.8648
mostly	42.8637
delivered	42.8338
debate	42.8106
clothes	42.8034
acute	42.8005
recommended	42.7731
smile	42.7706
armed	42.7687
induced	42.7556
snow	42.7146
moon	42.7087
host	42.6937
legs	42.6838
inch	42.6655
rocks	42.6231
qualities	42.6169
pope	42.6151
rank	42.5807
imagination	42.5737
conception	42.5495
normally	42.5386
interior	42.5257
vertical	42.5220
remembered	42.5199
concluded	42.5191
permitted	42.5048
rarely	42.4923
decline	42.4900
seeking	42.4502
fail	42.4485
uniform	42.4484
excess	42.4265
flight	42.4178
philadelphia	42.4156
engine	42.4098
permit	42.3768
via	42.3504
telephone	42.3050
gained	42.2986
demonstrated	42.2759
dance	42.2332
jones	42.2300
exposure	42.2262
sounds	42.2184
pounds	42.1920
diagnosis	42.1513
era	42.1400
succeeded	42.1031
deeply	42.0969
elizabeth	42.0954
defence	42.0772
bringing	42.0569
sudden	42.0131
hit	42.0124
telling	42.0089
falls	41.9514
specifically	41.9446
screen	41.9386
employee	41.9293
diameter	41.9281
gift	41.9205
australia	41.9177
separation	41.8847
traffic	41.8780
senate	41.8636
presents	41.8361
signed	41.8356
broke	41.8191
bond	41.8173
objectives	41.7756
alexander	41.7471
league	41.7404
theatre	41.7089
storage	41.6865
sheet	41.6778
namely	41.6750
supplies	41.6502
devoted	41.5863
formula	41.5692
intention	41.5658
jack	41.5520
arranged	41.5517
chapters	41.5401
charges	41.5335
egypt	41.5275
specified	41.5262
happiness	41.4588
noble	41.4473
attempted	41.4452
fill	41.4327
preceding	41.4316
efficient	41.3815
satisfied	41.3538
precisely	41.3394
vessel	41.3312
forget	41.2770
dress	41.2609
discipline	41.2459
teach	41.2192
ex	41.1967
spend	41.1628
infection	41.1466
answers	41.1442
errors	41.1020
linear	41.0966
witness	41.0666
distributed	41.0603
considering	41.0589
reflected	41.0527
phone	41.0478
particles	41.0394
prison	41.0256
aim	41.0079
significantly	40.9952
marketing	40.9914
functional	40.9520
card	40.9435
bird	40.9246
lee	40.9230
scope	40.9203
print	40.9194
replaced	40.9184
slave	40.8585
accordingly	40.8428
mutual	40.8340
putting	40.8040
border	40.7995
defendant	40.7975
worship	40.7904
involving	40.7886
link	40.7749
walking	40.6409
receiving	40.6114
economics	40.6003
closer	40.5995
stars	40.5925
pulled	40.5853
newspaper	40.5757
criteria	40.5692
stable	40.5499
inhabitants	40.5150
mixture	40.4972
expenses	40.4899
slight	40.4767
consumer	40.4476
alcohol	40.4461
samples	40.4250
copper	40.4219
compare	40.4198
tasks	40.4030
unto	40.4017
anxiety	40.3979
berlin	40.3979
golden	40.3924
returns	40.3899
sick	40.3843
se	40.3383
perception	40.3361
beings	40.3325
resource	40.3236
define	40.3187
finance	40.3181
reflect	40.2776
sufficiently	40.2628
vii	40.2551
identification	40.2370
asking	40.1957
ray	40.1778
spoken	40.1480
grain	40.1063
peculiar	40.1012
universe	40.0867
gender	40.0809
sensitive	40.0771
honor	40.0488
suit	40.0308
thee	40.0301
arise	40.0278
magazine	40.0165
noticed	39.9941
distant	39.9494
radical	39.9417
describes	39.9197
observe	39.9059
christianity	39.9048
hills	39.8988
wage	39.8508
classification	39.8021
exact	39.7820
kill	39.7358
holds	39.6770
owned	39.6645
vary	39.6479
axis	39.6455
continues	39.6410
row	39.6269
accurate	39.6100
tool	39.5887
revolutionary	39.5728
reply	39.5601
gets	39.5394
addressed	39.5261
adults	39.5248
bread	39.4890
waves	39.4865
planned	39.4805
alive	39.4480
constructed	39.4113
opinions	39.3963
theme	39.3571
recovery	39.3562
absolutely	39.3528
cited	39.3136
listen	39.3011
determining	39.2956
parameters	39.2878
turns	39.2835
considerations	39.2824
beside	39.2815
partial	39.2740
shop	39.2739
del	39.2525
worker	39.2196
railway	39.1989
bought	39.1862
glory	39.1786
canadian	39.0085
saint	39.0083
cooperation	38.9636
architecture	38.9516
ultimately	38.9496
consent	38.9345
vital	38.9098
altogether	38.8925
roots	38.8394
coffee	38.8162
poems	38.7885
nervous	38.7882
ear	38.7387
abstract	38.7226
conclusions	38.6899
phenomena	38.6655
reserve	38.6413
collective	38.6325
ministers	38.6176
ml	38.5964
imperial	38.5936
breath	38.5734
hypothesis	38.5324
q	38.5249
intervention	38.5114
grass	38.4746
silent	38.4443
relating	38.4336
arrival	38.3916
attended	38.3793
thanks	38.3789
logical	38.3367
refers	38.3339
punishment	38.3205
trip	38.2811
devices	38.2793
climate	38.2755
outer	38.2662
biological	38.2646
definite	38.2411
stability	38.2326
wished	38.2314
equilibrium	38.2245
decrease	38.2221
oral	38.2210
amendment	38.1988
depending	38.1758
fuel	38.1539
writings	38.1377
wonderful	38.1297
dominant	38.1169
tom	38.1164
jurisdiction	38.0959
lips	38.0925
ye	38.0898
ultimate	38.0689
boundary	38.0661
threat	38.0522
membrane	38.0500
tears	38.0352
meat	38.0014
communications	37.9878
isolated	37.9592
implications	37.9197
realize	37.9168
dropped	37.9146
cf	37.9139
cup	37.9119
bonds	37.9064
homes	37.8984
visited	37.8916
offices	37.8872
variations	37.8772
magnetic	37.8686
slaves	37.8441
marks	37.8301
watched	37.8257
transportation	37.8101
sees	37.7162
christians	37.6990
unfortunately	37.6876
integration	37.6818
majesty	37.6696
listed	37.6410
happens	37.6348
faced	37.6216
preferred	37.6211
faces	37.5850
typically	37.5578
track	37.5522
cattle	37.5372
dutch	37.5271
favour	37.5025
enemies	37.4868
fate	37.4816
conventional	37.4786
illness	37.4742
abuse	37.4583
williams	37.4493
delivery	37.4352
striking	37.4190
gods	37.4088
accomplished	37.4070
seriously	37.3475
eds	37.3281
enable	37.3233
identical	37.3106
surprise	37.2913
profits	37.2889
clay	37.2712
phenomenon	37.2490
temporary	37.2395
acceptance	37.2362
electron	37.2270
bureau	37.2140
wire	37.1869
managers	37.1798
statistical	37.1707
custom	37.1418
shore	37.1134
shares	37.1116
radiation	37.0921
bell	37.0909
edited	37.0892
transformation	37.0803
prepare	37.0749
option	37.0520
promised	37.0314
arrangements	37.0295
likewise	37.0110
faculty	36.9958
creative	36.9855
mg	36.9839
tea	36.9699
removal	36.9379
prominent	36.8876
falling	36.8647
gross	36.8605
childhood	36.8501
unusual	36.8352
rice	36.8187
easier	36.7992
steam	36.7842
gun	36.7805
dynamic	36.7740
shoulder	36.7689
chairman	36.7625
existed	36.7520
fingers	36.7447
il	36.7414
dramatic	36.7318
ca	36.7123
effectively	36.6910
random	36.6538
scarcely	36.6453
compensation	36.6315
violent	36.6292
belong	36.6289
hell	36.6263
programme	36.6087
negro	36.6056
delay	36.6037
chronic	36.5840
hoped	36.5582
priest	36.5524
discourse	36.5485
dimensions	36.5264
regime	36.5211
equations	36.5030
gentleman	36.4953
partner	36.4910
rational	36.4867
binding	36.4668
tension	36.4552
ethnic	36.4365
operate	36.4352
gospel	36.4342
pride	36.4307
treat	36.4272
contributions	36.4122
musical	36.3965
diet	36.3744
payments	36.3743
forming	36.3640
influenced	36.3303
phrase	36.3281
texts	36.3257
grave	36.3016
admit	36.2961
enjoyed	36.2956
win	36.2750
shaped	36.2706
proceed	36.2648
entrance	36.2508
matrix	36.2422
abroad	36.2397
perceived	36.2204
produces	36.2089
everywhere	36.2010
cutting	36.1899
mile	36.1860
si	36.1845
wear	36.1683
occupation	36.1618
measurements	36.1555
passion	36.1536
involve	36.1482
execution	36.1363
cloth	36.1338
hole	36.1059
approved	36.0813
domain	36.0737
characterized	36.0599
palace	36.0332
desirable	36.0284
publications	36.0198
supplied	36.0128
resulted	36.0039
courses	35.9907
customer	35.9610
strain	35.9610
customers	35.9571
remarks	35.9330
crowd	35.9309
honour	35.9164
tongue	35.8979
darkness	35.8871
files	35.8847
sake	35.8790
controls	35.8787
extraordinary	35.8244
differ	35.8073
imposed	35.7953
handle	35.7585
publishing	35.7370
users	35.7155
glad	35.7133
voltage	35.7123
fallen	35.7016
nursing	35.6645
electronic	35.6607
ma	35.6513
slavery	35.6288
trained	35.6156
raw	35.5849
discharge	35.5765
suffer	35.5706
senior	35.5135
writes	35.4389
kitchen	35.4325
loan	35.4260
arthur	35.4225
electrical	35.3905
confusion	35.3796
membership	35.3112
conservative	35.3031
runs	35.2951
pleased	35.2910
physician	35.2653
surrounding	35.2583
nice	35.2435
wholly	35.2246
ann	35.2137
possessed	35.1730
modified	35.1681
roles	35.1563
uncle	35.1450
millions	35.1439
extend	35.1366
outcome	35.1364
practically	35.1321
seed	35.1235
ohio	35.1067
corn	35.0842
reaching	35.0639
counter	35.0518
discover	35.0371
proposal	34.9804
watching	34.9678
paragraph	34.9648
selling	34.9548
peoples	34.9062
convinced	34.9011
comments	34.8956
colonies	34.8874
adding	34.8755
muscles	34.8743
linked	34.8611
gate	34.8531
incident	34.8471
roads	34.7802
options	34.7658
estimates	34.7652
legislative	34.7548
chest	34.7245
comprehensive	34.6959
losses	34.6894
scotland	34.6871
continuing	34.6788
implementation	34.6694
underlying	34.6652
clause	34.6579
francisco	34.6288
smooth	34.6260
commander	34.6008
advertising	34.5998
talked	34.5950
saved	34.5928
score	34.5906
encouraged	34.5843
murder	34.5774
railroad	34.5708
considerably	34.5645
sacrifice	34.5544
reflection	34.5122
demanded	34.4716
generated	34.4710
weapons	34.4649
mechanisms	34.4427
scholars	34.4387
thrown	34.4381
minority	34.4058
declaration	34.3846
presentation	34.3826
accounting	34.3799
hidden	34.3759
owners	34.3563
possess	34.3476
probable	34.3353
customs	34.2989
announced	34.2983
carolina	34.2755
copyright	34.2673
eating	34.2652
navy	34.2390
brings	34.2182
worthy	34.1822
cried	34.1809
masses	34.1802
transmission	34.1700
dna	34.1690
statute	34.1656
pro	34.1308
flesh	34.1204
accordance	34.1200
colony	34.1064
rendered	34.1028
gathered	34.0630
feed	34.0504
friendly	34.0209
export	34.0144
viewed	34.0058
beliefs	34.0040
blind	33.9998
anger	33.9919
philip	33.9819
translated	33.9667
enormous	33.9445
philosophical	33.9365
healthy	33.9267
constitute	33.9143
socialist	33.9136
pennsylvania	33.8839
scott	33.8436
essay	33.8394
driving	33.8283
tall	33.8029
rejected	33.7998
peak	33.7729
liability	33.7584
castle	33.7414
assistant	33.7292
primitive	33.7250
factory	33.6913
fortune	33.6820
republican	33.6719
strategic	33.6566
horizontal	33.6492
breast	33.6353
burning	33.6344
recall	33.6329
fault	33.6099
achievement	33.5929
commitment	33.5876
viii	33.5735
accident	33.5669
terrible	33.5656
academy	33.5584
z	33.5551
courage	33.5474
internet	33.5372
machinery	33.5345
canal	33.4830
judicial	33.4693
participants	33.4553
cognitive	33.4553
denied	33.4344
testimony	33.4304
subsequently	33.4201
conversion	33.4081
pupils	33.4033
click	33.4005
thoroughly	33.4003
mill	33.3906
promote	33.3709
profession	33.3656
varied	33.3599
burden	33.3501
districts	33.3393
habits	33.3386
eternal	33.3381
kings	33.3258
moments	33.3157
developments	33.3153
formerly	33.2931
civilization	33.2882
quantities	33.2804
disorders	33.2770
rough	33.2741
remote	33.2717
habit	33.2636
plot	33.2622
machines	33.2490
limitations	33.2430
schedule	33.2403
servants	33.2250
sorry	33.1831
attend	33.1826
contribute	33.1820
involvement	33.1737
spirits	33.1712
inquiry	33.1674
survival	33.1584
fed	33.1454
reputation	33.1384
lewis	33.1200
shock	33.1183
attacks	33.1156
associations	33.0871
symbol	33.0632
duration	33.0584
attorney	33.0280
massachusetts	33.0209
dust	33.0098
villages	33.0083
catch	33.0009
francis	32.9708
par	32.9599
ownership	32.9155
infant	32.9148
forgotten	32.8778
don	32.8738
comparative	32.8712
comment	32.8666
gene	32.8212
cabinet	32.8183
fly	32.8157
unions	32.8014
pleasant	32.7997
painted	32.7985
raising	32.7847
string	32.7826
disorder	32.7793
artists	32.7684
moves	32.7634
speaker	32.7603
friendship	32.7567
possibilities	32.7534
liver	32.7525
moderate	32.7431
comfort	32.7345
offering	32.7302
plates	32.7259
resolved	32.7103
surgery	32.6996
printing	32.6956
protected	32.6806
confirmed	32.6706
cry	32.6598
verse	32.6569
contracts	32.6530
games	32.6494
awareness	32.6388
lincoln	32.6261
prisoners	32.6249
judges	32.6186
stones	32.5740
cultures	32.4956
beach	32.4906
circulation	32.4589
worst	32.4394
chiefly	32.4337
afford	32.4286
satisfactory	32.3927
preserved	32.3821
jackson	32.3783
correspondence	32.3634
taylor	32.3074
earl	32.2864
curious	32.2743
entering	32.2474
cars	32.2146
encourage	32.2106
reign	32.1986
films	32.1974
residence	32.1971
successfully	32.1947
samuel	32.1894
shell	32.1861
decade	32.1793
released	32.1766
songs	32.1741
valid	32.1693
humanity	32.1684
cool	32.1625
appointment	32.1333
doors	32.1139
trace	32.0919
virtually	32.0802
fiction	32.0741
occasions	32.0718
complicated	32.0674
representing	32.0604
hundreds	32.0500
respond	32.0233
passes	32.0206
steady	32.0071
sixty	32.0011
nose	32.0008
abandoned	31.9993
liked	31.9961
employer	31.9945
pick	31.9782
wishes	31.9576
roof	31.9456
surprised	31.9411
guilty	31.9205
eggs	31.9202
shortly	31.8984
organizational	31.8912
surrounded	31.8879
contributed	31.8730
confined	31.8417
allowing	31.8144
racial	31.8115
expectations	31.7867
centers	31.7707
substances	31.7634
smiled	31.7471
volumes	31.7419
wet	31.7403
overcome	31.7233
beam	31.6627
wing	31.6513
intense	31.6451
fought	31.6322
picked	31.5777
progressive	31.5751
fever	31.5615
nurse	31.5579
amongst	31.5262
lateral	31.5249
guns	31.5095
walter	31.5000
returning	31.4830
newspapers	31.4601
earliest	31.4366
obliged	31.4149
transferred	31.4044
sphere	31.3948
boundaries	31.3910
throw	31.3881
rent	31.3858
approval	31.3812
hearts	31.3741
stores	31.3730
rivers	31.3570
molecular	31.3337
hurt	31.3117
adjustment	31.2991
desert	31.2852
alliance	31.2451
seldom	31.2443
bones	31.2378
correlation	31.2319
miller	31.2317
accuracy	31.2067
serving	31.1992
drama	31.1951
mothers	31.1812
breaking	31.1807
busy	31.1788
columbia	31.1605
naval	31.1555
nobody	31.1488
wars	31.1445
genius	31.1402
totally	31.1031
expenditure	31.0963
decades	31.0678
currently	31.0655
corps	31.0582
servant	31.0504
storm	31.0230
expensive	31.0191
mistake	31.0168
genetic	31.0132
marine	30.9786
ears	30.9721
destroy	30.9414
influences	30.9168
discrimination	30.9155
drinking	30.9053
elections	30.9052
soldier	30.9034
requirement	30.9014
match	30.8884
hath	30.8825
beat	30.8615
varying	30.8565
leg	30.8441
arab	30.8352
woods	30.8310
hydrogen	30.8303
dreams	30.8097
crop	30.8057
atlantic	30.7945
compounds	30.7652
columns	30.7594
scientists	30.7582
ladies	30.7555
cook	30.7446
mexican	30.7425
transactions	30.7396
purely	30.7268
owing	30.7233
thinks	30.7089
interval	30.7014
anxious	30.6950
scores	30.6891
emergency	30.6798
behalf	30.6675
lieutenant	30.6467
organs	30.6331
restricted	30.6288
smoke	30.6121
fleet	30.5872
hopes	30.5858
med	30.5715
plaintiff	30.5688
est	30.5545
everybody	30.5505
equality	30.5331
departments	30.5180
cit	30.5097
hero	30.5010
diagram	30.4832
manual	30.4713
headed	30.4701
wheat	30.4343
crossed	30.4112
dogs	30.4026
jean	30.4013
argue	30.3888
syndrome	30.3595
integrated	30.3591
loose	30.3524
deposits	30.3405
traditions	30.3391
billion	30.3273
competitive	30.3088
clients	30.2739
absorption	30.2714
mankind	30.2504
artificial	30.2359
stronger	30.2337
newly	30.2176
invited	30.1877
distinguish	30.1795
legislature	30.1787
guess	30.1691
trans	30.1524
aircraft	30.1496
dose	30.1269
cat	30.1140
honest	30.1035
whilst	30.1005
copies	30.0871
theology	30.0833
networks	30.0749
versus	30.0733
organ	30.0655
secured	30.0500
belonging	30.0446
tons	30.0411
vehicle	30.0111
applicable	30.0101
serves	30.0077
hat	29.9983
shadow	29.9906
divisions	29.9835
essence	29.9815
helpful	29.9676
gap	29.9653
heavily	29.9446
directors	29.9366
register	29.9289
compound	29.8989
provinces	29.8852
praise	29.8841
evidently	29.8708
mining	29.8624
sheep	29.8606
orientation	29.8576
reducing	29.8221
cards	29.8200
conviction	29.8125
reserved	29.8017
sentences	29.7950
suggestion	29.7845
educated	29.7752
assist	29.7714
eighteenth	29.7710
clothing	29.7557
meanwhile	29.7343
jury	29.7314
twentieth	29.7273
wounded	29.7219
empirical	29.7181
angry	29.7116
sodium	29.7050
topic	29.7011
lesson	29.6892
feels	29.6888
temperatures	29.6812
mount	29.6764
covering	29.6702
pushed	29.6402
dying	29.6401
usa	29.6390
supporting	29.6297
o'clock	29.6256
harvard	29.6113
tested	29.6086
implies	29.6055
crops	29.5942
landscape	29.5916
ease	29.5840
tribes	29.5701
trend	29.5604
molecules	29.5603
stomach	29.5521
shut	29.5237
thereof	29.4958
finger	29.4935
critics	29.4899
citizen	29.4874
utility	29.4671
germans	29.4370
expert	29.4350
acted	29.4330
monthly	29.3949
tower	29.3939
demonstrate	29.3604
davis	29.3497
pull	29.2765
welcome	29.2684
buried	29.2553
inferior	29.2448
surfaces	29.2445
fathers	29.2360
threatened	29.2303
obligation	29.2072
exhibit	29.2067
blow	29.2023
loans	29.2023
discussions	29.1807
conscience	29.1748
guidance	29.1500
expressions	29.1285
tends	29.1191
reasoning	29.1160
acceptable	29.0811
reveal	29.0778
pipe	29.0772
database	29.0765
ch	29.0564
anterior	29.0481
trading	29.0465
spectrum	29.0448
attractive	29.0411
blocks	29.0394
moscow	29.0346
retained	29.0270
aged	29.0023
quarters	29.0023
institutional	28.9925
ethical	28.9556
simultaneously	28.9365
somewhere	28.9298
daniel	28.9287
laughed	28.9182
farther	28.9075
productivity	28.8997
excessive	28.8902
testament	28.8595
stations	28.8570
paying	28.8566
briefly	28.8553
magnitude	28.8402
dressed	28.8331
lights	28.8305
crucial	28.8293
infinite	28.8145
helps	28.8104
establishing	28.8053
listening	28.8035
illinois	28.7806
speaks	28.7564
fishing	28.7427
jerusalem	28.7173
sixth	28.7076
securities	28.6936
elementary	28.6801
handling	28.6718
oriented	28.6624
ms	28.6533
shoulders	28.6462
causing	28.6308
precise	28.6162
expedition	28.5997
den	28.5989
synthesis	28.5970
attacked	28.5956
pale	28.5875
arch	28.5696
defeat	28.5513
da	28.5505
lists	28.5372
initially	28.5354
dated	28.5193
grey	28.4889
flying	28.4837
flower	28.4775
scenes	28.4754
chap	28.4682
facing	28.4657
dependence	28.4390
essays	28.4385
emotions	28.4381
males	28.4328
helping	28.4326
consisting	28.4319
victim	28.4311
adapted	28.4273
currency	28.4234
dispute	28.4122
lawyer	28.4103
server	28.4062
somehow	28.4021
stored	28.3928
genuine	28.3904
shakespeare	28.3856
acres	28.3814
proud	28.3805
asian	28.3740
comfortable	28.3584
con	28.3377
designs	28.3361
rear	28.3169
hung	28.3111
negotiations	28.3043
shook	28.3021
purchased	28.2931
split	28.2898
christmas	28.2798
assured	28.2725
applies	28.2575
layers	28.2504
ethics	28.2252
freely	28.2050
acids	28.2035
sympathy	28.1888
thickness	28.1826
symbols	28.1821
preliminary	28.1780
maintaining	28.1705
assumptions	28.1351
pour	28.1307
apparatus	28.1112
assuming	28.1041
feeding	28.0846
width	28.0715
wooden	28.0624
diversity	28.0491
repeat	28.0354
concentrated	28.0211
wound	27.9992
universities	27.9917
recording	27.9779
kids	27.9778
reverse	27.9618
counsel	27.9535
populations	27.9439
michigan	27.9389
accused	27.9348
tiny	27.9224
handed	27.9113
harry	27.9057
lowest	27.9048
connections	27.8773
mirror	27.8748
intermediate	27.8621
effectiveness	27.8600
undoubtedly	27.8481
dollar	27.8457
focused	27.8155
chart	27.8112
candidate	27.7880
leaf	27.7444
exports	27.7438
bull	27.7378
strictly	27.7362
coat	27.7300
succession	27.7054
scattered	27.6809
chose	27.6740
trends	27.6722
submitted	27.6648
plastic	27.6488
situated	27.6431
wheel	27.6418
drove	27.6392
min	27.6343
equity	27.5686
attributed	27.5498
generations	27.5441
orange	27.5311
interactions	27.4826
exercises	27.4780
gentlemen	27.4683
faithful	27.4522
interpreted	27.4488
preserve	27.4480
absent	27.4387
vols	27.4285
insisted	27.4145
corporations	27.4118
mathematical	27.3820
neutral	27.3773
pressed	27.3695
weakness	27.3674
unemployment	27.3587
colors	27.3576
warning	27.3531
id	27.3371
tail	27.3266
touched	27.3241
sports	27.3178
flows	27.2986
missing	27.2831
preparing	27.2722
liable	27.2551
productive	27.2497
tired	27.2379
adam	27.2351
acquisition	27.2328
departure	27.2307
justified	27.2031
lawrence	27.2025
draft	27.1984
regularly	27.1872
farmer	27.1870
inspired	27.1743
earnings	27.1711
respective	27.1338
dignity	27.1277
singing	27.1154
arc	27.1121
roll	27.1105
convenient	27.0974
curriculum	27.0663
proteins	27.0419
dozen	27.0395
priests	27.0326
passages	26.9879
meal	26.9814
colleagues	26.9789
saving	26.9691
occurrence	26.9379
deeper	26.9226
routine	26.9124
profile	26.8899
spending	26.8855
wider	26.8777
intervals	26.8686
aids	26.8628
displayed	26.8563
harm	26.8444
pray	26.8180
sole	26.8168
prefer	26.8034
cape	26.7784
systematic	26.7736
ion	26.7664
municipal	26.7624
sad	26.7446
partners	26.7375
render	26.7312
wearing	26.7228
masters	26.7134
attributes	26.6995
ward	26.6989
waited	26.6948
pool	26.6947
curves	26.6930
converted	26.6925
ll	26.6771
yards	26.6759
deny	26.6700
illustration	26.6591
tv	26.6446
posterior	26.6428
plasma	26.6388
avenue	26.6376
interface	26.6358
tied	26.6248
ph	26.6123
ah	26.6010
creek	26.5792
adams	26.5771
brilliant	26.5407
pregnancy	26.5366
voices	26.5292
enterprises	26.5238
threw	26.5076
fun	26.5075
tale	26.5020
measuring	26.4950
instant	26.4848
manage	26.4761
stephen	26.4601
conclude	26.4556
voluntary	26.4135
colored	26.4132
solve	26.4064
females	26.4057
affection	26.4017
terminal	26.3854
fee	26.3798
alike	26.3583
disappeared	26.3530
physics	26.3507
organisation	26.3335
executed	26.3333
surprising	26.3288
approached	26.3179
panel	26.3140
victims	26.3136
restrictions	26.3129
sharing	26.3126
eleven	26.2897
obligations	26.2781
mathematics	26.2722
harmony	26.2568
proposition	26.2557
dealt	26.2422
florida	26.2328
links	26.2222
ride	26.2221
transaction	26.2219
regardless	26.2161
sword	26.2031
hunting	26.1731
allen	26.1626
classroom	26.1595
applying	26.1569
thesis	26.1520
proceeded	26.1260
throne	26.1249
studying	26.1107
gay	26.1032
participate	26.1031
candidates	26.0888
residents	26.0729
repair	26.0717
particle	26.0716
cap	26.0682
channels	26.0611
migration	26.0534
provincial	26.0508
magic	26.0469
desk	26.0413
conservation	26.0384
altered	26.0159
firmly	25.9998
excited	25.9903
modes	25.9789
treasury	25.9759
affair	25.9721
pocket	25.9707
stayed	25.9439
verbal	25.9220
capture	25.9003
profound	25.8959
circular	25.8932
validity	25.8901
outline	25.8862
souls	25.8719
guy	25.8703
messages	25.8645
format	25.8448
gifts	25.8434
desires	25.8417
satisfy	25.8371
inevitable	25.8254
ix	25.8252
dr	25.8228
emerged	25.8206
bag	25.8111
coefficient	25.8093
exclusive	25.8050
doctors	25.8038
suggestions	25.7978
mood	25.7948
agreements	25.7885
captured	25.7809
marry	25.7799
introduce	25.7734
salvation	25.7600
dc	25.7267
intelligent	25.7256
portrait	25.7247
bills	25.7190
sam	25.7177
button	25.6825
stick	25.6783
differential	25.6761
sustained	25.6688
import	25.6613
invasion	25.6365
strict	25.6310
angeles	25.6308
partnership	25.6298
patent	25.6247
paint	25.6246
frontier	25.6240
preference	25.6182
belongs	25.6127
clark	25.6114
bus	25.6043
enthusiasm	25.6034
log	25.5974
fewer	25.5894
exclusively	25.5888
seeds	25.5865
concentrations	25.5590
sovereign	25.5470
signals	25.5240
virus	25.5213
specimens	25.5163
australian	25.5077
rays	25.5076
lessons	25.5064
calm	25.4994
technological	25.4839
yours	25.4779
inclined	25.4733
arrive	25.4601
players	25.4572
crystal	25.4548
parish	25.4526
driver	25.4483
dimension	25.4316
tip	25.4299
bitter	25.4231
savings	25.4228
tender	25.3926
temporal	25.3908
muslim	25.3753
video	25.3694
privilege	25.3595
charter	25.3568
massive	25.3526
promotion	25.3378
arose	25.3363
worn	25.3297
responsibilities	25.3287
qualified	25.3160
adopt	25.3139
illustrate	25.3100
weekly	25.3043
prevented	25.2840
camera	25.2682
foods	25.2650
bent	25.2645
engage	25.2607
ending	25.2594
vain	25.2568
conflicts	25.2392
manufacture	25.2376
folk	25.2309
mystery	25.2276
operated	25.2066
celebrated	25.1961
emotion	25.1946
seconds	25.1939
chemistry	25.1861
romantic	25.1851
prevention	25.1850
manuscript	25.1765
allies	25.1750
dates	25.1650
margin	25.1431
qui	25.1427
bush	25.1406
morality	25.1247
replace	25.1220
urged	25.1190
avoided	25.1131
anyway	25.1032
occasional	25.0993
inter	25.0959
tissues	25.0934
graduate	25.0858
controversy	25.0823
inventory	25.0631
illustrations	25.0614
joe	25.0592
bulk	25.0536
greece	25.0491
admission	25.0419
sending	25.0380
relate	25.0306
mineral	25.0253
mercy	25.0250
polish	25.0160
anne	25.0153
forever	25.0050
calcium	24.9720
ft	24.9591
consisted	24.9388
commissioner	24.9211
improvements	24.9200
fame	24.9110
varies	24.9025
arises	24.8971
santa	24.8958
plenty	24.8789
thermal	24.8715
respects	24.8583
medieval	24.8554
slope	24.8484
refuse	24.8438
risks	24.8426
complexity	24.8400
innocent	24.8061
protestant	24.8007
continent	24.7892
gentle	24.7723
describing	24.7722
maria	24.7587
soc	24.7523
ignorance	24.7435
trials	24.7434
encountered	24.7324
conceived	24.7320
closing	24.7251
tobacco	24.7237
crew	24.7109
sisters	24.7105
adoption	24.7089
fraction	24.6973
korea	24.6930
wore	24.6912
reward	24.6890
protest	24.6878
choices	24.6868
na	24.6546
employers	24.6528
pulse	24.6484
proposals	24.6379
artistic	24.6364
compelled	24.6263
widespread	24.6220
merchant	24.6173
operator	24.6069
expanded	24.5924
researchers	24.5907
classic	24.5900
topics	24.5751
analyses	24.5678
wherever	24.5641
marginal	24.5540
consist	24.5538
wives	24.5529
defend	24.5279
inspection	24.5248
enabled	24.5192
requiring	24.5061
ritual	24.5046
adjacent	24.5041
pressures	24.4888
bare	24.4815
simon	24.4807
poland	24.4783
digital	24.4773
furniture	24.4769
nitrogen	24.4685
atoms	24.4559
partially	24.4459
engineers	24.4196
wings	24.4175
ne	24.4052
egg	24.4051
reporting	24.4042
devil	24.3999
sensitivity	24.3974
ford	24.3907
blacks	24.3774
merchants	24.3765
mounted	24.3753
monitoring	24.3607
finish	24.3582
incorporated	24.3567
quietly	24.3354
dans	24.3298
tape	24.3265
survive	24.3248
libraries	24.3205
senses	24.3157
das	24.3114
spatial	24.2987
ben	24.2972
registered	24.2867
yard	24.2789
breakfast	24.2753
clerk	24.2617
disposition	24.2589
revised	24.2581
sing	24.2529
gravity	24.2351
margaret	24.2262
maps	24.2071
anywhere	24.1526
jane	24.1445
bath	24.1410
segment	24.1366
circles	24.1296
painful	24.1253
humans	24.0939
tract	24.0880
fruits	24.0848
personally	24.0667
pound	24.0587
mortality	24.0554
consumers	24.0276
explains	24.0143
courtesy	24.0101
laugh	24.0062
obtaining	23.9877
headquarters	23.9815
au	23.9714
filter	23.9628
publishers	23.9620
monetary	23.9564
actors	23.9508
boats	23.9478
clouds	23.9375
tour	23.9241
poets	23.9228
experts	23.9218
intent	23.9217
blessed	23.9176
tomorrow	23.9156
regards	23.9151
extending	23.9148
forests	23.9076
employ	23.8878
metals	23.8856
decreased	23.8765
coverage	23.8750
gulf	23.8707
atomic	23.8603
worry	23.8531
mines	23.8414
bears	23.8355
restored	23.8334
imports	23.8270
cloud	23.8252
excitement	23.8243
roosevelt	23.8233
midst	23.8212
furnished	23.8140
dialogue	23.8011
fees	23.7898
apartment	23.7838
interference	23.7795
stem	23.7762
phases	23.7733
opera	23.7684
throat	23.7487
tended	23.7345
push	23.7222
arising	23.7214
portions	23.7145
census	23.7089
succeed	23.6907
gains	23.6862
covers	23.6687
merit	23.6645
trail	23.6640
deemed	23.6551
indirect	23.6515
reliable	23.6511
retain	23.6394
engineer	23.6370
losing	23.6151
investigations	23.6055
inflation	23.5900
array	23.5784
uncertainty	23.5740
seized	23.5625
belonged	23.5345
settle	23.5249
colleges	23.5160
pan	23.5081
realm	23.5069
favorite	23.5011
andrew	23.4993
lords	23.4918
platform	23.4909
player	23.4613
revelation	23.4575
shoes	23.4554
rubber	23.4336
fears	23.4236
acquire	23.4152
neighborhood	23.4147
fragments	23.3776
symbolic	23.3650
wales	23.3472
designated	23.3470
saturday	23.3456
prescribed	23.3371
electricity	23.3254
daughters	23.3202
proceeds	23.3151
optical	23.3109
stuff	23.3100
immense	23.2810
aunt	23.2649
bottle	23.2621
seventh	23.2501
affecting	23.2478
austria	23.2410
organisms	23.2390
russell	23.2251
presumably	23.2216
indicating	23.2169
jim	23.2139
vector	23.2067
valve	23.1998
anderson	23.1975
bore	23.1934
yesterday	23.1902
loop	23.1850
priority	23.1798
computers	23.1737
placing	23.1732
prospect	23.1661
beds	23.1599
retired	23.1596
recommendations	23.1593
absorbed	23.1356
vietnam	23.1333
georgia	23.1124
believes	23.0901
passive	23.0828
bibliography	23.0755
ideology	23.0751
favorable	23.0745
delight	23.0647
pairs	23.0601
natives	23.0592
construct	23.0520
visitors	23.0509
isolation	23.0492
wondered	23.0487
frederick	23.0460
bacteria	23.0402
boards	23.0365
divorce	23.0343
im	23.0338
hamilton	23.0313
acknowledged	23.0294
loud	23.0292
dynamics	23.0201
varieties	23.0067
delicate	22.9942
guidelines	22.9861
mix	22.9808
remarked	22.9719
allied	22.9702
faster	22.9698
parameter	22.9675
holes	22.9597
indication	22.9537
origins	22.9522
powder	22.9180
committees	22.9137
linguistic	22.9114
precious	22.9052
lifted	22.9025
stimulus	22.8987
serum	22.8967
solar	22.8870
calculation	22.8753
facility	22.8713
banking	22.8583
retirement	22.8558
chapel	22.8531
ha	22.8451
notwithstanding	22.8434
controlling	22.8381
franklin	22.8289
encounter	22.8223
jersey	22.8212
relatives	22.8047
legitimate	22.7828
authorized	22.7726
dominated	22.7709
inherent	22.7660
arrest	22.7652
odd	22.7322
eighteen	22.7170
crossing	22.7131
transformed	22.7090
bands	22.7055
adds	22.7035
petition	22.7026
napoleon	22.6961
flag	22.6823
recovered	22.6774
howard	22.6757
justify	22.6509
fox	22.6444
disk	22.6412
occurring	22.6389
pen	22.6320
reveals	22.6304
seventy	22.6273
km	22.6251
outstanding	22.6225
attracted	22.6154
puts	22.6150
automatic	22.6100
mayor	22.6014
prosperity	22.5968
taxation	22.5961
insight	22.5950
explicit	22.5938
descriptions	22.5903
memories	22.5794
reaches	22.5763
creates	22.5730
remainder	22.5524
cable	22.5454
constituted	22.5439
whites	22.5433
res	22.5410
comparable	22.5241
inadequate	22.5197
uk	22.5136
advances	22.5060
max	22.4989
chem	22.4945
solely	22.4890
unlikely	22.4868
creature	22.4805
terror	22.4786
hostile	22.4776
gardens	22.4683
motives	22.4652
albert	22.4650
nodded	22.4640
resident	22.4612
ranks	22.4577
transmitted	22.4570
burned	22.4542
integrity	22.4494
ceased	22.4411
witnesses	22.4391
pronounced	22.4334
alleged	22.4314
pole	22.4179
basin	22.4173
physicians	22.4137
classified	22.4131
ff	22.4120
tribe	22.4120
enforcement	22.4065
lunch	22.4063
behavioral	22.4024
followers	22.3959
intimate	22.3913
deliver	22.3757
guilt	22.3600
rs	22.3526
continually	22.3482
resist	22.3462
venture	22.3434
incidence	22.3269
confused	22.3256
heating	22.3221
collect	22.3216
definitions	22.3191
aims	22.3142
constraints	22.3051
diverse	22.3018
commons	22.2910
reflects	22.2908
foundations	22.2905
gently	22.2878
companion	22.2850
ignored	22.2707
schemes	22.2706
fatal	22.2653
mills	22.2634
diffusion	22.2589
implied	22.2575
performing	22.2574
latest	22.2534
visits	22.2422
lesions	22.2373
ruling	22.2326
elderly	22.2249
creatures	22.2234
moses	22.2224
pollution	22.2191
gathering	22.2109
elaborate	22.2014
angles	22.2005
crimes	22.1993
quarterly	22.1905
undertaken	22.1894
programming	22.1848
mississippi	22.1767
turkey	22.1702
gallery	22.1660
bases	22.1533
clergy	22.1525
eq	22.1513
killing	22.1494
referring	22.1386
scales	22.1266
douglas	22.1258
specimen	22.1230
excluded	22.1223
receives	22.1221
fourteen	22.1210
restoration	22.1161
votes	22.1110
divide	22.1100
holland	22.0979
reasonably	22.0919
compromise	22.0759
silk	22.0724
developmental	22.0712
loving	22.0668
glance	22.0583
attachment	22.0471
dedicated	22.0216
reforms	22.0152
exceptions	22.0107
attained	22.0097
generate	21.9830
ties	21.9829
pursuit	21.9777
fired	21.9754
une	21.9742
deposit	21.9709
uncertain	21.9697
detection	21.9682
appeals	21.9663
highway	21.9661
dried	21.9530
tho	21.9497
semi	21.9487
photo	21.9400
menu	21.9345
peasants	21.9305
surplus	21.9284
nucleus	21.9250
usage	21.9238
spaces	21.9076
prisoner	21.9061
successive	21.9046
remedy	21.9032
manufacturers	21.9023
cord	21.9011
myth	21.8800
titles	21.8636
theological	21.8614
hate	21.8612
substitute	21.8608
moore	21.8524
buying	21.8493
administered	21.8380
solving	21.8258
senator	21.8207
stroke	21.8143
salary	21.8121
farms	21.8072
hospitals	21.8023
cd	21.7909
fiscal	21.7891
literally	21.7830
pace	21.7776
autumn	21.7738
bulletin	21.7643
cure	21.7619
proceeding	21.7618
tight	21.7611
aimed	21.7590
xi	21.7580
stepped	21.7492
regiment	21.7444
supervision	21.7415
tumor	21.7348
carrier	21.7312
historic	21.7239
automatically	21.7220
theater	21.7186
unconscious	21.7087
breathing	21.6970
prophet	21.6648
photographs	21.6452
guarantee	21.6424
completion	21.6405
artery	21.6397
fancy	21.6347
sur	21.6337
hitler	21.6128
es	21.6025
exercised	21.5939
borne	21.5908
ruled	21.5907
starts	21.5799
edges	21.5743
asks	21.5742
sci	21.5737
remark	21.5662
pupil	21.5553
hide	21.5531
alter	21.5106
initiative	21.5050
calculations	21.4977
pilot	21.4960
cultivation	21.4927
arrested	21.4922
lesser	21.4834
mild	21.4744
tank	21.4697
lectures	21.4678
settings	21.4637
approaching	21.4445
continental	21.4431
commonwealth	21.4364
award	21.4271
stranger	21.4264
surgical	21.4038
timber	21.3973
assignment	21.3890
improving	21.3817
defects	21.3685
tragedy	21.3597
generous	21.3595
complaint	21.3552
ceremony	21.3485
sixteen	21.3441
rely	21.3421
evaluate	21.3259
dimensional	21.3232
lecture	21.3182
investments	21.3159
voyage	21.3117
marshall	21.3085
suspected	21.3079
mrs	21.3031
grants	21.2805
cooperative	21.2804
configuration	21.2758
fails	21.2743
damages	21.2727
wells	21.2700
bars	21.2680
attempting	21.2656
hebrew	21.2422
exceed	21.2409
bow	21.2382
gates	21.2341
fitted	21.2322
comparatively	21.2234
egyptian	21.2232
outcomes	21.2089
healing	21.1997
functioning	21.1981
conquest	21.1936
submit	21.1793
lovely	21.1780
emphasized	21.1756
genes	21.1455
sorts	21.1410
territories	21.1215
subjected	21.1196
declined	21.1137
kennedy	21.1124
nearby	21.1076
observer	21.1054
requested	21.1045
arbitrary	21.0996
hunt	21.0981
switch	21.0970
springs	21.0964
objection	21.0894
scripture	21.0712
infants	21.0538
feedback	21.0527
privileges	21.0429
entity	21.0416
guests	21.0391
roughly	21.0290
blame	21.0243
governing	21.0238
supports	21.0231
peasant	21.0210
urine	21.0174
collections	21.0167
fur	21.0105
tales	21.0071
madame	21.0058
seal	21.0031
constitutes	20.9931
reconstruction	20.9922
distress	20.9824
triumph	20.9803
ions	20.9666
giant	20.9603
quantitative	20.9554
foster	20.9525
adjusted	20.9399
seated	20.9352
th	20.9351
mad	20.9303
cream	20.9255
appreciation	20.9240
definitely	20.9222
parliamentary	20.9166
challenges	20.9154
communicate	20.9124
charity	20.9058
loyalty	20.8983
brazil	20.8957
presently	20.8956
rotation	20.8955
pursued	20.8914
separately	20.8869
yields	20.8859
default	20.8680
carries	20.8607
retreat	20.8367
escaped	20.8275
impulse	20.8170
missionary	20.8069
pursue	20.8023
lift	20.7915
burst	20.7899
proc	20.7890
sleeping	20.7874
substantially	20.7840
interviews	20.7839
neglect	20.7715
flood	20.7700
motivation	20.7686
lane	20.7628
lawyers	20.7555
hanging	20.7502
motive	20.7481
correctly	20.7461
nerves	20.7310
upward	20.7297
assembled	20.7270
clock	20.7179
feared	20.6989
associates	20.6980
deck	20.6845
sooner	20.6810
explore	20.6796
ing	20.6735
wisconsin	20.6727
mighty	20.6594
neglected	20.6565
themes	20.6552
seats	20.6521
reprinted	20.6500
islam	20.6497
grows	20.6465
shorter	20.6431
availability	20.6403
armies	20.6379
beer	20.6276
movie	20.6238
anglo	20.6234
farming	20.6233
knife	20.6167
mature	20.6144
argues	20.6111
technologies	20.6046
somebody	20.5943
recalled	20.5940
sampling	20.5885
preface	20.5776
dancing	20.5745
badly	20.5689
ridge	20.5679
alternatives	20.5651
preservation	20.5617
defeated	20.5545
liberation	20.5540
rigid	20.5539
surrender	20.5515
archives	20.5506
manners	20.5412
mobile	20.5316
criterion	20.5269
hitherto	20.5206
associate	20.5118
deficiency	20.5114
lens	20.5084
reception	20.5024
publisher	20.4933
pointing	20.4899
novels	20.4871
ct	20.4729
rebellion	20.4534
excuse	20.4531
grammar	20.4517
li	20.4496
abundant	20.4463
manifest	20.4438
earned	20.4411
appreciate	20.4407
hi	20.4257
deputy	20.4214
historian	20.4017
commands	20.4014
commanded	20.4004
organism	20.3816
informal	20.3736
lover	20.3689
certificate	20.3649
imagined	20.3642
bob	20.3578
pakistan	20.3549
aristotle	20.3411
detected	20.3387
jefferson	20.3321
everyday	20.3309
keeps	20.3139
invention	20.3092
politicians	20.2922
sociology	20.2904
belt	20.2900
bias	20.2742
perfection	20.2704
gordon	20.2682
dad	20.2640
sentiment	20.2601
riding	20.2486
protocol	20.2460
specialized	20.2454
lung	20.2392
races	20.2382
responded	20.2320
photograph	20.2271
suspended	20.2208
suicide	20.2129
voting	20.2101
renal	20.2085
lots	20.2045
rises	20.1980
visiting	20.1950
checked	20.1937
impressed	20.1917
capitalism	20.1877
registration	20.1789
managing	20.1788
demonstration	20.1745
sheets	20.1643
baltimore	20.1551
behaviors	20.1473
static	20.1410
prize	20.1400
pitch	20.1396
immigration	20.1383
capitalist	20.1359
listened	20.1274
variance	20.0939
wright	20.0827
justification	20.0806
perceive	20.0794
handsome	20.0779
singular	20.0667
tie	20.0659
immigrants	20.0631
acknowledge	20.0552
subjective	20.0480
federation	20.0468
bold	20.0425
socialism	20.0405
filed	20.0390
landed	20.0362
sessions	20.0314
contacts	20.0307
filling	20.0280
unnecessary	20.0233
stimulation	20.0225
eager	20.0157
dawn	20.0136
princess	20.0115
presidential	20.0092
streams	20.0054
pine	19.9911
electrons	19.9878
producers	19.9820
pa	19.9780
physiological	19.9773
kg	19.9729
combat	19.9698
princeton	19.9632
inspiration	19.9515
butter	19.9500
geographical	19.9484
nearest	19.9478
flexible	19.9441
knees	19.9397
netherlands	19.9301
meanings	19.9280
expenditures	19.9277
landing	19.9264
wedding	19.9260
sizes	19.9186
angel	19.9131
historians	19.9117
package	19.9099
dean	19.9067
perspectives	19.9033
suspect	19.9010
marx	19.8845
recover	19.8822
smell	19.8784
abraham	19.8749
cents	19.8655
governmental	19.8615
thompson	19.8614
sweden	19.8605
soils	19.8598
paintings	19.8560
accurately	19.8555
sport	19.8540
thereafter	19.8539
zealand	19.8516
boxes	19.8449
rod	19.8359
online	19.8281
verb	19.8210
modification	19.8206
locations	19.8199
assess	19.8073
aggressive	19.7970
lakes	19.7838
bishops	19.7683
advised	19.7516
balanced	19.7480
aggregate	19.7477
preparations	19.7303
sensation	19.7278
romans	19.7275
combine	19.7145
wash	19.7065
rat	19.7058
talent	19.6986
erected	19.6921
attribute	19.6871
grief	19.6841
benjamin	19.6805
premises	19.6803
pulmonary	19.6762
missouri	19.6750
sins	19.6718
seventeenth	19.6662
enters	19.6562
winds	19.6479
grades	19.6424
integral	19.6405
addresses	19.6378
inevitably	19.6224
predicted	19.6197
condemned	19.6148
prayers	19.6075
junior	19.6020
elevated	19.6009
flame	19.5971
suspicion	19.5956
styles	19.5925
injuries	19.5848
peaceful	19.5821
competent	19.5744
pump	19.5732
disposal	19.5712
reproduction	19.5703
illustrates	19.5513
morgan	19.5503
admiral	19.5407
promises	19.5224
matthew	19.5168
innovation	19.5156
deals	19.5043
lacking	19.4984
illegal	19.4720
wanting	19.4594
distinctive	19.4538
calculate	19.4507
mercury	19.4505
enzyme	19.4475
combinations	19.4366
disposed	19.4358
thrust	19.4355
rolled	19.4307
governed	19.4265
brand	19.4264
dictionary	19.4150
proportions	19.4049
centres	19.4022
finite	19.3992
fibers	19.3890
actor	19.3845
irregular	19.3781
carriage	19.3724
rolling	19.3711
vehicles	19.3646
tubes	19.3590
extends	19.3475
extract	19.3369
aesthetic	19.3353
cylinder	19.3331
replacement	19.3247
subtle	19.3228
restaurant	19.3124
unfortunate	19.3091
eliminate	19.3072
termed	19.3064
saints	19.2914
virgin	19.2762
edinburgh	19.2720
sarah	19.2714
devotion	19.2644
okay	19.2635
accustomed	19.2513
biology	19.2451
affects	19.2351
shame	19.2334
pp	19.2202
eighth	19.2154
label	19.2044
jacob	19.2034
prolonged	19.2008
sketch	19.1993
segments	19.1953
plains	19.1810
resort	19.1803
secular	19.1755
abilities	19.1754
declare	19.1724
violation	19.1597
hierarchy	19.1483
rush	19.1416
potentially	19.1406
repeatedly	19.1384
statutes	19.1330
leather	19.1282
counties	19.1262
battery	19.1262
restore	19.1236
vienna	19.1203
threshold	19.1171
initiated	19.1092
em	19.1002
brave	19.0955
commissioners	19.0944
lease	19.0778
algorithm	19.0773
sovereignty	19.0764
autonomy	19.0734
mouse	19.0676
node	19.0591
disaster	19.0590
simplicity	19.0526
slip	19.0482
skilled	19.0470
cousin	19.0447
corruption	19.0402
reserves	19.0387
tropical	19.0381
cardinal	19.0368
estates	19.0358
injection	19.0323
ideological	19.0280
horizon	19.0278
norman	19.0214
naked	19.0184
prejudice	19.0080
suggesting	19.0062
elevation	19.0024
grateful	18.9967
loaded	18.9965
whereby	18.9926
walker	18.9876
professionals	18.9781
businesses	18.9596
cardiac	18.9563
alfred	18.9549
artillery	18.9548
shelter	18.9472
occupational	18.9460
infantry	18.9396
brick	18.9360
tide	18.9357
cultivated	18.9344
examining	18.9189
certainty	18.9164
metropolitan	18.9137
shapes	18.9129
ambassador	18.9114
accomplish	18.9014
accumulation	18.8844
operative	18.8838
permits	18.8831
injured	18.8814
truck	18.8673
chiefs	18.8656
diary	18.8629
explicitly	18.8599
cheap	18.8565
las	18.8504
craft	18.8379
tremendous	18.8378
smoking	18.8315
dissolved	18.8243
freud	18.8242
barely	18.8134
ve	18.8097
modest	18.8070
sharply	18.8056
optimal	18.7995
doubtless	18.7981
households	18.7974
monitor	18.7858
nights	18.7778
respiratory	18.7766
virtues	18.7751
fiber	18.7700
plato	18.7686
abnormal	18.7633
coastal	18.7628
moisture	18.7584
amino	18.7550
penalty	18.7532
negroes	18.7508
nurses	18.7389
directory	18.7386
renaissance	18.7346
discussing	18.7320
tin	18.7140
despair	18.7074
seeks	18.7045
imported	18.6941
ignorant	18.6932
comparing	18.6824
physically	18.6799
norms	18.6669
notions	18.6654
wake	18.6603
spinal	18.6569
insects	18.6541
ego	18.6447
obedience	18.6431
geography	18.6384
searching	18.6363
barrier	18.6319
palm	18.6290
splendid	18.6205
shops	18.6165
mud	18.6091
shade	18.6079
continuity	18.6069
patience	18.5986
decree	18.5918
delhi	18.5917
ports	18.5914
rejection	18.5806
reproduced	18.5804
facilitate	18.5727
financing	18.5700
vegetables	18.5672
harris	18.5671
sectors	18.5667
disputes	18.5663
numerical	18.5662
decay	18.5572
intensive	18.5498
vitamin	18.5473
judgments	18.5466
blank	18.5446
resolve	18.5360
chains	18.5357
greeks	18.5335
xii	18.5315
shipping	18.5275
anticipated	18.5214
anna	18.5042
defining	18.5028
victoria	18.5021
phys	18.5005
cavity	18.4971
morris	18.4936
thirteen	18.4880
backward	18.4830
ln	18.4805
cavalry	18.4792
guided	18.4764
teams	18.4763
broader	18.4701
biblical	18.4655
washed	18.4643
gather	18.4632
adaptation	18.4582
gaze	18.4563
turkish	18.4552
er	18.4339
anybody	18.4302
elder	18.4225
drawings	18.4186
fix	18.4156
sympathetic	18.4138
disturbed	18.4126
mobility	18.4126
limitation	18.4083
neighbors	18.4037
differently	18.4022
emerging	18.4020
hunter	18.3974
happening	18.3932
missed	18.3769
robinson	18.3697
dare	18.3634
magnificent	18.3543
heritage	18.3500
grasp	18.3424
corresponds	18.3421
warfare	18.3416
islamic	18.3399
therapeutic	18.3398
lifetime	18.3262
glorious	18.3165
diagnostic	18.3165
utterly	18.3121
peripheral	18.2942
herbert	18.2856
rows	18.2849
elite	18.2833
thorough	18.2816
currents	18.2725
guest	18.2655
entertainment	18.2604
relates	18.2579
void	18.2455
angels	18.2434
luke	18.2376
exploration	18.2357
kansas	18.2340
occupy	18.2258
conceptual	18.2249
piano	18.2233
exhibition	18.2223
fold	18.2206
cease	18.2200
prose	18.2161
suited	18.2115
pink	18.2109
knight	18.2098
traits	18.2098
beloved	18.2088
memorial	18.2082
license	18.2070
ranging	18.2001
multi	18.1944
compliance	18.1839
knee	18.1831
planes	18.1804
circumstance	18.1669
complaints	18.1646
adverse	18.1597
outward	18.1584
berkeley	18.1565
scottish	18.1561
useless	18.1533
choosing	18.1500
stared	18.1474
editors	18.1471
campbell	18.1385
indigenous	18.1324
pot	18.1306
leisure	18.1290
florence	18.1262
cathedral	18.1247
assurance	18.1234
realistic	18.1198
independently	18.1161
identifying	18.1153
inserted	18.1141
stocks	18.1132
diplomatic	18.1097
philosopher	18.0909
dull	18.0907
luck	18.0904
collapse	18.0853
gradual	18.0844
ore	18.0811
judged	18.0792
cooking	18.0720
harbor	18.0711
com	18.0656
settlements	18.0647
paths	18.0646
economies	18.0569
vein	18.0553
severely	18.0525
strip	18.0514
rival	18.0513
withdrawal	18.0440
radius	18.0406
enables	18.0404
differentiation	18.0319
abundance	18.0312
pity	18.0197
attending	18.0155
unexpected	18.0140
asset	18.0128
deviation	18.0118
deed	18.0098
grandfather	18.0021
investigated	17.9944
baker	17.9901
installed	17.9704
surveys	17.9579
enhanced	17.9393
reminded	17.9384
safely	17.9355
mysterious	17.9319
survived	17.9256
delayed	17.9229
sa	17.9228
eighty	17.9211
expand	17.9093
hindu	17.9038
laughter	17.8952
heated	17.8939
funding	17.8748
guards	17.8697
expressing	17.8582
nelson	17.8577
lamp	17.8494
imply	17.8456
sensory	17.8432
burn	17.8425
handled	17.8410
renewed	17.8395
exhausted	17.8380
distances	17.8366
widow	17.8329
monday	17.8195
eve	17.8156
protective	17.8145
acquainted	17.8135
programmes	17.8075
crowded	17.8065
sorrow	17.8025
supra	17.8000
analytical	17.7993
pi	17.7958
versions	17.7910
inheritance	17.7881
correction	17.7827
pressing	17.7808
humble	17.7766
planted	17.7763
ce	17.7761
codes	17.7741
defect	17.7651
zones	17.7634
philosophers	17.7602
apt	17.7546
monopoly	17.7453
assisted	17.7335
cruel	17.7201
temper	17.7028
factories	17.7021
warned	17.6974
proportional	17.6956
presenting	17.6955
representations	17.6798
steadily	17.6783
ideals	17.6759
assumes	17.6751
equipped	17.6741
goodness	17.6735
beneficial	17.6661
expectation	17.6639
brush	17.6615
roger	17.6597
nearer	17.6583
influential	17.6566
sensible	17.6557
prospects	17.6522
funeral	17.6470
graph	17.6445
mortgage	17.6425
feminist	17.6400
friday	17.6317
descent	17.6272
rhythm	17.6196
grains	17.6120
stairs	17.6079
asserted	17.6063
engines	17.5964
atom	17.5881
poles	17.5821
spontaneous	17.5821
vigorous	17.5784
festival	17.5777
princes	17.5714
regulatory	17.5686
ranges	17.5667
editorial	17.5613
toronto	17.5599
mediterranean	17.5406
laser	17.5332
vague	17.5331
reviews	17.5322
apple	17.5279
dangers	17.5242
regression	17.5167
speeches	17.5111
intentions	17.5087
traces	17.5016
marie	17.4982
portuguese	17.4978
shallow	17.4941
respondents	17.4911
shirt	17.4904
offensive	17.4891
coefficients	17.4890
exhibited	17.4812
ambition	17.4783
lo	17.4762
bowl	17.4758
doctrines	17.4708
bits	17.4699
debts	17.4692
territorial	17.4676
considers	17.4644
irrigation	17.4610
chloride	17.4500
scholar	17.4455
breach	17.4429
operational	17.4347
displays	17.4323
spots	17.4307
mit	17.4301
deaths	17.4277
makers	17.4217
invisible	17.4002
interpret	17.3989
esteem	17.3959
annually	17.3853
admiration	17.3798
consistently	17.3736
explaining	17.3584
settlers	17.3555
indiana	17.3529
crude	17.3510
breeding	17.3476
decisive	17.3343
chances	17.3286
oak	17.3237
drops	17.3131
winning	17.3087
colorado	17.3031
poetic	17.2818
explanations	17.2781
weapon	17.2767
catholics	17.2698
painter	17.2693
meaningful	17.2653
deeds	17.2638
swept	17.2588
specify	17.2585
wool	17.2579
ghost	17.2556
molecule	17.2442
warrant	17.2422
legend	17.2292
borders	17.2291
secondly	17.2277
enlarged	17.2177
commodity	17.2128
strikes	17.2048
rats	17.1955
contest	17.1942
commentary	17.1940
nationalism	17.1939
displacement	17.1859
revenues	17.1732
prevailing	17.1715
emergence	17.1701
assault	17.1698
poured	17.1640
needle	17.1632
int	17.1593
phrases	17.1593
orthodox	17.1496
arnold	17.1464
mechanics	17.1425
propaganda	17.1425
posts	17.1394
utmost	17.1378
doubtful	17.1340
talks	17.1233
sophisticated	17.1212
curiosity	17.1177
precision	17.1083
covenant	17.1063
disciples	17.1054
emerge	17.1004
notable	17.0987
commodities	17.0890
interrupted	17.0870
oxide	17.0815
reviewed	17.0814
trunk	17.0789
simulation	17.0751
asleep	17.0751
hong	17.0694
intercourse	17.0663
mi	17.0657
nutrition	17.0642
pension	17.0576
gases	17.0539
attendance	17.0483
frozen	17.0448
fool	17.0405
potassium	17.0385
tel	17.0303
minimal	17.0242
lion	17.0232
pack	17.0211
resting	17.0187
engagement	17.0161
counted	17.0113
savage	17.0095
flowing	17.0091
cave	17.0086
exclaimed	17.0084
treating	17.0018
handbook	17.0015
wealthy	16.9970
horror	16.9968
ours	16.9950
desperate	16.9936
ignore	16.9931
rode	16.9910
oath	16.9901
altar	16.9898
recommend	16.9825
thread	16.9783
specially	16.9746
actively	16.9717
assertion	16.9690
cooling	16.9636
alarm	16.9622
implemented	16.9519
ancestors	16.9515
romance	16.9496
cuba	16.9420
investigate	16.9306
smiling	16.9295
studio	16.9281
sentiments	16.9168
chicken	16.9120
propose	16.9119
locked	16.9112
loading	16.9102
ruin	16.9053
ruler	16.8970
discretion	16.8953
shoot	16.8952
virtual	16.8888
realization	16.8784
athens	16.8773
interfere	16.8761
correspond	16.8749
opens	16.8749
stretched	16.8691
planet	16.8667
helen	16.8665
ecclesiastical	16.8663
appearing	16.8660
shooting	16.8645
cycles	16.8599
environments	16.8556
metabolism	16.8443
ny	16.8335
whispered	16.8320
cleared	16.8293
promoting	16.8270
consensus	16.8253
deliberately	16.8227
glucose	16.8204
dismissed	16.8172
maryland	16.8152
laughing	16.8140
oldest	16.8116
floating	16.8112
cerebral	16.8059
torn	16.8023
exciting	16.8018
exclusion	16.8007
carter	16.7991
hatred	16.7918
determines	16.7852
intellect	16.7800
offence	16.7741
flexibility	16.7674
rail	16.7663
juan	16.7650
touching	16.7624
harper	16.7624
archbishop	16.7595
wit	16.7582
hang	16.7543
onset	16.7430
evolved	16.7413
commit	16.7393
effected	16.7346
computed	16.7340
allocation	16.7331
shaft	16.7283
fled	16.7278
alien	16.7225
inability	16.7214
accounted	16.7020
perceptions	16.7010
collecting	16.7007
hired	16.6987
decreases	16.6946
coloured	16.6916
minerals	16.6882
globe	16.6875
horn	16.6838
para	16.6808
alice	16.6788
differs	16.6696
refusal	16.6678
eliminated	16.6641
stresses	16.6640
retail	16.6551
selective	16.6466
harvest	16.6387
develops	16.6370
implement	16.6362
maturity	16.6313
solved	16.6296
orleans	16.6189
rhetoric	16.6155
stretch	16.6143
traced	16.6135
blessing	16.6121
viz	16.6115
publicly	16.6058
encouragement	16.6055
fabric	16.6043
barriers	16.5999
sail	16.5964
flux	16.5953
unhappy	16.5890
xiv	16.5876
impressive	16.5863
accessible	16.5841
swift	16.5816
rings	16.5769
rid	16.5740
tolerance	16.5715
sixteenth	16.5694
macmillan	16.5598
worried	16.5483
ac	16.5480
cluster	16.5477
contempt	16.5476
journals	16.5434
critique	16.5416
passengers	16.5357
assure	16.5275
removing	16.5246
successor	16.5245
politically	16.5183
marble	16.5131
clubs	16.5085
reliability	16.5059
relieved	16.5056
aggression	16.5049
providence	16.5025
dense	16.4987
shed	16.4982
fatigue	16.4966
concentrate	16.4870
openly	16.4717
tokyo	16.4685
lodge	16.4649
induce	16.4625
reject	16.4624
korean	16.4614
veins	16.4590
analyzed	16.4581
overseas	16.4514
complained	16.4466
frequencies	16.4394
complications	16.4384
acquaintance	16.4358
amended	16.4337
compression	16.4336
palestine	16.4323
valued	16.4306
seas	16.4267
infections	16.4261
bernard	16.4248
spare	16.4183
heading	16.4183
recognised	16.4177
congregation	16.4145
tenth	16.4064
critic	16.4049
energies	16.3966
vacuum	16.3865
accepting	16.3834
keys	16.3718
ross	16.3690
breaks	16.3622
whence	16.3545
invariably	16.3513
joints	16.3482
cheese	16.3421
kong	16.3409
analogy	16.3364
cuts	16.3346
xiii	16.3315
susan	16.3280
formulation	16.3226
barbara	16.3159
manufacturer	16.3136
confident	16.3125
enhance	16.3083
rulers	16.3014
conjunction	16.2974
madison	16.2940
destiny	16.2914
reduces	16.2904
hardware	16.2897
manufactured	16.2856
deposited	16.2822
operators	16.2807
emphasize	16.2806
limiting	16.2778
fracture	16.2715
receptor	16.2613
nowhere	16.2524
nonetheless	16.2521
inform	16.2514
attain	16.2499
kiss	16.2461
dirty	16.2370
believing	16.2327
threatening	16.2325
omitted	16.2278
shadows	16.2274
sequences	16.2225
ate	16.2206
vegetation	16.2131
lock	16.2103
outlined	16.1986
furnish	16.1980
campus	16.1958
vegetable	16.1956
obscure	16.1877
cement	16.1854
diminished	16.1838
colours	16.1830
undertake	16.1813
reads	16.1756
bleeding	16.1729
investors	16.1691
persistent	16.1659
pains	16.1627
distinctly	16.1559
persian	16.1425
northwest	16.1406
immune	16.1400
commenced	16.1393
merits	16.1335
chambers	16.1304
lasting	16.1247
scholarship	16.1191
encouraging	16.1160
entries	16.1150
buyer	16.1110
deprived	16.1098
milton	16.1071
promoted	16.1052
fortunately	16.1005
convey	16.0981
rope	16.0918
slide	16.0879
warren	16.0867
anthony	16.0828
caution	16.0810
bedroom	16.0764
customary	16.0755
producer	16.0730
friction	16.0705
evaluated	16.0692
regret	16.0671
lit	16.0660
voters	16.0648
similarity	16.0618
ceiling	16.0602
confirm	16.0585
biography	16.0544
verses	16.0484
outlook	16.0439
wilderness	16.0257
expanding	16.0249
opponents	16.0116
connecticut	16.0104
attract	16.0101
dining	16.0084
interpretations	16.0036
ho	16.0017
estimation	15.9993
thence	15.9979
pays	15.9978
therein	15.9836
launched	15.9814
hungry	15.9808
russians	15.9705
lt	15.9704
supplement	15.9702
stuck	15.9677
murray	15.9666
lighting	15.9610
gratitude	15.9578
requests	15.9571
observing	15.9549
arrow	15.9484
laying	15.9477
kindness	15.9474
victor	15.9420
crying	15.9393
stressed	15.9300
petroleum	15.9192
impose	15.9170
packed	15.9084
tries	15.9081
mom	15.9078
wolf	15.9019
coupled	15.8990
loves	15.8988
socially	15.8979
purity	15.8936
coach	15.8898
adventure	15.8886
southeast	15.8849
statutory	15.8769
induction	15.8768
weights	15.8733
bench	15.8723
lately	15.8628
inherited	15.8521
bronze	15.8518
tennessee	15.8469
readings	15.8433
vocabulary	15.8349
kentucky	15.8337
surgeon	15.8326
rests	15.8319
regulated	15.8319
projected	15.8243
receiver	15.8205
sounded	15.8168
supper	15.8138
ratios	15.8062
communists	15.8042
hunger	15.7987
objections	15.7985
revolt	15.7957
lime	15.7855
juice	15.7852
voted	15.7845
organize	15.7786
drainage	15.7765
convert	15.7763
endless	15.7755
fitting	15.7732
earnest	15.7651
automobile	15.7650
junction	15.7636
nodes	15.7609
dual	15.7592
basically	15.7532
notably	15.7528
persuaded	15.7523
therapist	15.7489
bargaining	15.7478
pregnant	15.7436
letting	15.7390
shouted	15.7367
instantly	15.7355
truths	15.7332
chancellor	15.7291
conventions	15.7266
median	15.7238
invitation	15.7202
selecting	15.7186
butler	15.6918
jump	15.6897
deer	15.6785
overview	15.6747
missionaries	15.6731
mistaken	15.6699
destructive	15.6688
minded	15.6687
crystals	15.6603
infected	15.6583
derive	15.6578
hollow	15.6568
instructed	15.6504
insufficient	15.6366
kindly	15.6359
minnesota	15.6330
cow	15.6303
dan	15.6288
enacted	15.6271
doses	15.6203
rating	15.6194
dies	15.6114
shifts	15.6110
hungary	15.6074
subordinate	15.6055
architectural	15.6009
activation	15.5930
agenda	15.5914
favourable	15.5894
underground	15.5870
destination	15.5787
reflecting	15.5779
fertility	15.5746
hay	15.5715
disability	15.5679
elastic	15.5676
stern	15.5655
harder	15.5650
tribal	15.5610
luther	15.5581
companions	15.5555
worlds	15.5554
projection	15.5517
purple	15.5512
cabin	15.5461
capabilities	15.5354
advocate	15.5304
coordination	15.5140
doubts	15.5131
allowance	15.5116
quantum	15.5093
consumed	15.5027
acre	15.4850
span	15.4849
achieving	15.4824
questioned	15.4818
attraction	15.4817
magazines	15.4816
firing	15.4812
popularity	15.4801
preferences	15.4706
solemn	15.4696
connect	15.4672
flour	15.4613
disturbance	15.4578
revision	15.4534
tendencies	15.4520
tariff	15.4505
navigation	15.4469
failing	15.4444
bacon	15.4321
payable	15.4222
exploitation	15.4206
impressions	15.4198
ton	15.4198
inn	15.4186
spreading	15.4149
hoping	15.4139
iowa	15.4134
termination	15.4120
misery	15.4090
tough	15.4025
occupations	15.4007
keen	15.3976
flash	15.3892
profitable	15.3855
ab	15.3828
glasses	15.3822
harold	15.3773
dublin	15.3755
pause	15.3711
newton	15.3703
reinforced	15.3682
targets	15.3674
religions	15.3656
superficial	15.3624
cleaning	15.3570
mistakes	15.3506
pierre	15.3485
congressional	15.3473
mixing	15.3472
camps	15.3467
denial	15.3456
lungs	15.3330
shifted	15.3328
stimuli	15.3241
organizing	15.3132
switzerland	15.3077
hostility	15.2986
preventing	15.2969
humor	15.2952
eminent	15.2861
earn	15.2832
superiority	15.2779
mask	15.2744
missions	15.2727
tonight	15.2719
cal	15.2709
democrats	15.2682
script	15.2598
predict	15.2440
chemicals	15.2433
turner	15.2350
exit	15.2346
jordan	15.2323
trustees	15.2307
delegates	15.2274
competence	15.2266
roy	15.2182
lasted	15.2132
nest	15.2072
finest	15.2072
residential	15.2051
invested	15.2050
abandon	15.2037
comparisons	15.1998
nicholas	15.1908
purchasing	15.1881
biol	15.1868
timing	15.1859
strains	15.1778
louisiana	15.1709
heights	15.1705
brethren	15.1697
muslims	15.1668
honey	15.1651
stanford	15.1613
specification	15.1602
seemingly	15.1477
speakers	15.1411
implicit	15.1367
smallest	15.1347
arrange	15.1324
meets	15.1286
muscular	15.1187
catherine	15.1131
incidents	15.1129
haven	15.1111
privacy	15.1103
psychiatric	15.1051
bloody	15.1038
accompanying	15.1033
episode	15.0999
unpublished	15.0982
accommodation	15.0930
accord	15.0885
passions	15.0840
respected	15.0744
repetition	15.0676
pin	15.0643
undertaking	15.0623
lest	15.0619
yale	15.0609
vascular	15.0604
mice	15.0590
maternal	15.0566
bodily	15.0528
tomb	15.0484
grid	15.0480
severity	15.0463
aging	15.0448
tracks	15.0407
bride	15.0390
forbidden	15.0364
tion	15.0355
detect	15.0348
fond	15.0313
formally	15.0221
indirectly	15.0212
tumors	15.0138
conducting	15.0114
founder	15.0106
prediction	15.0105
wheels	15.0083
afterward	15.0048
throwing	15.0044
relaxation	14.9987
dwelling	14.9916
fires	14.9850
threats	14.9757
zinc	14.9714
bid	14.9654
churchill	14.9617
depths	14.9569
instinct	14.9547
approximate	14.9526
coalition	14.9492
citizenship	14.9461
damaged	14.9323
brass	14.9266
invented	14.9238
enjoyment	14.9212
cooper	14.9183
reversed	14.9116
scheduled	14.9037
faint	14.8993
charm	14.8962
suspension	14.8937
exceptional	14.8873
carl	14.8764
ample	14.8761
checking	14.8716
loyal	14.8708
consistency	14.8703
kidney	14.8693
sermon	14.8693
boiling	14.8679
depressed	14.8662
chase	14.8601
superintendent	14.8595
accumulated	14.8589
councils	14.8560
disappear	14.8552
cellular	14.8542
incomplete	14.8451
upset	14.8443
restriction	14.8377
introducing	14.8364
karl	14.8362
antonio	14.8360
rounded	14.8346
coarse	14.8328
likelihood	14.8318
abdominal	14.8159
gesture	14.8144
shopping	14.8124
respecting	14.8104
inputs	14.8079
witnessed	14.8057
comedy	14.7991
borrowed	14.7931
traditionally	14.7922
catalogue	14.7845
assert	14.7802
steep	14.7791
geometry	14.7781
wherein	14.7754
hon	14.7726
donald	14.7716
philippines	14.7691
frightened	14.7683
centered	14.7670
marched	14.7650
midnight	14.7613
overhead	14.7590
refuge	14.7579
challenged	14.7576
summit	14.7568
demanding	14.7531
stanley	14.7530
obey	14.7486
crack	14.7468
strangers	14.7417
shells	14.7366
architect	14.7359
treaties	14.7346
patrick	14.7297
stuart	14.7233
meals	14.7177
preaching	14.7173
dental	14.7157
guinea	14.7144
adjust	14.7060
administrator	14.7027
installation	14.6964
dialog	14.6915
bridges	14.6884
ninth	14.6873
holiday	14.6854
brigade	14.6851
promising	14.6828
sickness	14.6802
tooth	14.6776
eaten	14.6708
parker	14.6656
smart	14.6653
ordinance	14.6634
confession	14.6626
convenience	14.6617
compact	14.6607
shri	14.6585
vicinity	14.6568
insist	14.6431
entities	14.6388
downward	14.6386
ecological	14.6380
treatise	14.6377
graham	14.6360
counts	14.6352
depended	14.6343
sums	14.6327
feast	14.6300
expresses	14.6040
transform	14.6018
maker	14.6010
washing	14.5844
calendar	14.5835
seasons	14.5797
achievements	14.5791
wounds	14.5738
rage	14.5709
pulling	14.5691
amsterdam	14.5676
iraq	14.5668
lucky	14.5632
connecting	14.5608
tragic	14.5549
reflections	14.5533
dressing	14.5442
deficit	14.5438
hormone	14.5423
burns	14.5357
lowered	14.5352
descriptive	14.5307
seller	14.5295
europeans	14.5258
hudson	14.5243
caste	14.5220
thirds	14.5207
meantime	14.5198
stewart	14.5082
protecting	14.5050
noon	14.4938
insert	14.4911
exile	14.4864
oregon	14.4855
parental	14.4851
rescue	14.4830
forum	14.4827
fellows	14.4794
heroic	14.4775
heavenly	14.4720
reformation	14.4717
defines	14.4612
ruins	14.4597
jew	14.4584
khan	14.4580
draws	14.4577
ss	14.4434
afforded	14.4427
charming	14.4413
eu	14.4345
accidents	14.4344
electoral	14.4335
grandmother	14.4200
passenger	14.4069
strengthen	14.4055
mistress	14.3918
emission	14.3916
diamond	14.3832
civilian	14.3831
volunteers	14.3816
routes	14.3808
quote	14.3800
sustain	14.3788
rehabilitation	14.3783
enclosed	14.3760
strongest	14.3754
utilization	14.3750
fortunate	14.3692
sexuality	14.3660
idle	14.3649
possesses	14.3612
wicked	14.3576
counting	14.3532
positively	14.3522
principally	14.3472
evans	14.3452
substitution	14.3428
bladder	14.3421
signature	14.3393
intrinsic	14.3383
miserable	14.3354
continuously	14.3341
pile	14.3336
adequately	14.3306
assessed	14.3301
paradise	14.3293
listing	14.3291
te	14.3240
pig	14.3225
utilized	14.3212
pit	14.3205
tent	14.3188
bigger	14.3120
flew	14.3105
fraud	14.3092
longitudinal	14.3036
supporters	14.3027
concert	14.3025
joining	14.2993
heroes	14.2971
shake	14.2963
rushed	14.2882
revival	14.2795
troubled	14.2791
kid	14.2791
corrected	14.2790
inclusion	14.2789
troubles	14.2751
talents	14.2717
slept	14.2712
sandy	14.2712
promptly	14.2690
manchester	14.2612
ralph	14.2546
lightly	14.2485
indications	14.2470
momentum	14.2435
leaned	14.2431
shifting	14.2412
trauma	14.2405
traveling	14.2382
administrators	14.2349
prestige	14.2211
distributions	14.2209
zeal	14.2149
awful	14.2126
intake	14.2116
peer	14.2116
opposing	14.2081
residual	14.2058
amplitude	14.2018
conceive	14.2009
communism	14.1977
capability	14.1961
circuits	14.1908
spouse	14.1825
lloyd	14.1795
editions	14.1759
poorly	14.1753
methodology	14.1749
buffalo	14.1661
modify	14.1639
spin	14.1621
raises	14.1604
multitude	14.1586
soluble	14.1583
drag	14.1554
nominal	14.1551
boss	14.1532
genus	14.1486
contexts	14.1477
glands	14.1449
glanced	14.1444
morrow	14.1437
dioxide	14.1406
venice	14.1386
cope	14.1370
embrace	14.1345
favored	14.1309
composite	14.1279
garrison	14.1207
collaboration	14.1144
trap	14.1142
zu	14.1137
fred	14.1122
iran	14.1115
absurd	14.1104
drunk	14.1091
failures	14.1030
mike	14.1013
swimming	14.1004
anatomy	14.0941
modifications	14.0915
fe	14.0896
diabetes	14.0884
ou	14.0816
sink	14.0768
periodic	14.0705
singh	14.0700
prevailed	14.0685
discharged	14.0670
chairs	14.0655
buffer	14.0655
placement	14.0649
detroit	14.0642
frames	14.0608
plainly	14.0599
football	14.0551
tenant	14.0479
consult	14.0462
peninsula	14.0455
treatments	14.0438
ot	14.0415
fulfilled	14.0380
slipped	14.0360
yeah	14.0302
defensive	14.0264
convince	14.0165
hated	14.0165
checks	14.0083
richmond	14.0047
rocky	14.0047
pastor	14.0040
lonely	13.9975
creator	13.9904
delighted	13.9862
deceased	13.9824
exceedingly	13.9766
deposition	13.9739
kant	13.9730
jail	13.9703
singapore	13.9616
tanks	13.9614
gear	13.9524
securing	13.9510
counseling	13.9444
visitor	13.9436
toxic	13.9416
observers	13.9399
scriptures	13.9364
ruth	13.9357
consultation	13.9316
rio	13.9263
foreigners	13.9251
obstacles	13.9250
workshop	13.9200
qualitative	13.9037
retention	13.9028
intact	13.9017
satellite	13.8999
analyze	13.8995
depreciation	13.8926
super	13.8909
contraction	13.8816
quest	13.8740
feminine	13.8594
gregory	13.8586
fragment	13.8576
elegant	13.8563
deliberate	13.8543
treasure	13.8500
debates	13.8437
competing	13.8408
overwhelming	13.8360
printer	13.8218
guardian	13.8209
stimulated	13.8183
carriers	13.8173
crazy	13.8117
oliver	13.8112
extensively	13.8048
vulnerable	13.8040
recreation	13.8027
tactics	13.7988
stating	13.7987
southwest	13.7966
caesar	13.7954
statue	13.7937
hugh	13.7828
sincere	13.7792
cargo	13.7786
conferences	13.7764
travels	13.7761
destined	13.7676
prohibited	13.7665
geneva	13.7614
tear	13.7609
elimination	13.7558
inflammation	13.7506
bruce	13.7475
arbitration	13.7443
belgium	13.7385
addressing	13.7384
excellence	13.7379
bengal	13.7360
panic	13.7349
performances	13.7324
bark	13.7297
harrison	13.7222
analogous	13.7202
ongoing	13.7195
limbs	13.7170
drives	13.7163
conspicuous	13.7145
utter	13.7037
temporarily	13.7027
sang	13.7019
arriving	13.6968
wrapped	13.6961
collar	13.6930
withdraw	13.6918
dynasty	13.6913
stupid	13.6890
bomb	13.6880
forehead	13.6857
civic	13.6828
miracle	13.6826
enforce	13.6799
airport	13.6769
advisory	13.6642
temples	13.6619
travelling	13.6568
imitation	13.6521
evolutionary	13.6492
scarce	13.6397
babies	13.6393
jan	13.6375
backed	13.6324
propositions	13.6305
prosecution	13.6291
harsh	13.6179
confronted	13.6175
squares	13.6094
costly	13.6084
hers	13.6081
salaries	13.6027
exceeding	13.6021
lined	13.5992
swedish	13.5985
prey	13.5960
proclaimed	13.5954
preceded	13.5937
abortion	13.5881
metaphor	13.5878
seventeen	13.5873
warmth	13.5872
oxidation	13.5833
qualifications	13.5796
fan	13.5792
foolish	13.5759
illusion	13.5735
ist	13.5715
recommendation	13.5664
urge	13.5580
traders	13.5570
staying	13.5566
juvenile	13.5552
hereafter	13.5548
phosphate	13.5504
yielded	13.5480
baron	13.5478
ambitious	13.5463
specifications	13.5343
receipt	13.5331
lamb	13.5322
histories	13.5312
motions	13.5268
sage	13.5227
ltd	13.5214
figs	13.5202
causal	13.5182
shear	13.5148
withdrawn	13.5139
scattering	13.5084
corners	13.5076
incapable	13.5028
chin	13.5005
amid	13.5003
fierce	13.4987
avoiding	13.4977
invest	13.4960
delta	13.4888
favourite	13.4826
indicators	13.4824
computing	13.4798
anthropology	13.4780
owe	13.4699
disturbances	13.4694
coin	13.4681
bend	13.4528
sculpture	13.4503
wiley	13.4460
siege	13.4439
concealed	13.4419
porter	13.4410
appreciated	13.4404
burial	13.4404
alpha	13.4393
lively	13.4378
cleveland	13.4270
structured	13.4255
drift	13.4210
guides	13.4178
potatoes	13.4174
urgent	13.4165
literacy	13.4151
relevance	13.4148
triangle	13.4127
scientist	13.4106
mitchell	13.4075
cortex	13.4060
denmark	13.3991
alan	13.3988
dividing	13.3958
austrian	13.3956
ordinarily	13.3918
clearing	13.3904
hiv	13.3897
approximation	13.3895
monument	13.3876
beaten	13.3864
modeling	13.3852
sp	13.3840
prospective	13.3798
neighbor	13.3708
tribute	13.3708
expertise	13.3686
possessions	13.3674
peers	13.3624
geological	13.3615
quit	13.3611
regulate	13.3608
jumped	13.3583
willingness	13.3573
freight	13.3540
manifestations	13.3534
rested	13.3405
infrastructure	13.3400
pushing	13.3330
accompany	13.3295
dick	13.3285
cottage	13.3231
carved	13.3192
hut	13.3097
austin	13.3019
resistant	13.3006
risen	13.2984
portugal	13.2978
vocational	13.2955
contradiction	13.2949
distinctions	13.2887
sect	13.2879
fax	13.2860
adolescent	13.2841
sydney	13.2829
lip	13.2813
quebec	13.2811
speculation	13.2809
sailed	13.2796
extraction	13.2745
beef	13.2663
shield	13.2643
erosion	13.2586
norway	13.2566
manifested	13.2564
evaluating	13.2559
conveyed	13.2528
loads	13.2505
ninety	13.2435
deserve	13.2413
isaac	13.2361
stir	13.2356
oriental	13.2351
skull	13.2338
documentation	13.2324
ontario	13.2308
inference	13.2299
persuade	13.2299
combining	13.2257
shaking	13.2247
fusion	13.2214
historically	13.2211
walks	13.2125
transverse	13.2120
nuclei	13.2110
screening	13.2081
funny	13.1955
swing	13.1917
stalin	13.1905
forgive	13.1891
sergeant	13.1869
salts	13.1852
canon	13.1793
refugees	13.1793
pas	13.1712
instrumental	13.1691
resurrection	13.1565
rewards	13.1561
reliance	13.1553
poison	13.1549
synthetic	13.1523
imprisonment	13.1437
govern	13.1396
commanding	13.1391
sociological	13.1372
luxury	13.1320
christopher	13.1260
faults	13.1205
purchases	13.1166
prohibition	13.1120
stake	13.1111
confess	13.1096
bacterial	13.1061
communion	13.1040
conversations	13.1027
labeled	13.0999
stops	13.0971
rightly	13.0960
buddhist	13.0925
parks	13.0919
operates	13.0894
antiquity	13.0883
biggest	13.0846
fence	13.0816
physiology	13.0804
breakdown	13.0795
mason	13.0776
awarded	13.0775
degradation	13.0768
alongside	13.0738
nationalist	13.0735
dam	13.0717
atmospheric	13.0638
devised	13.0623
dissolution	13.0602
inequality	13.0592
incurred	13.0578
indifference	13.0553
bourgeois	13.0518
tribunal	13.0432
gland	13.0388
blade	13.0354
alert	13.0241
arizona	13.0155
ok	13.0152
climb	13.0101
descended	13.0086
nazi	13.0059
shining	13.0046
enzymes	13.0033
incomes	13.0016
realities	12.9961
ceremonies	12.9910
submission	12.9894
demonstrates	12.9863
birthday	12.9843
maintains	12.9830
buddha	12.9803
advancement	12.9757
economically	12.9679
injustice	12.9677
battles	12.9652
oppression	12.9651
coins	12.9639
guaranteed	12.9579
summarized	12.9577
departed	12.9566
exclude	12.9542
chaos	12.9527
dating	12.9507
limestone	12.9451
disappointed	12.9421
texture	12.9378
efficacy	12.9367
tones	12.9362
restraint	12.9340
neighbourhood	12.9325
ordering	12.9296
clinton	12.9277
revenge	12.9270
equals	12.9208
boots	12.9159
defended	12.9157
bombay	12.9120
monks	12.9021
strengthened	12.8833
inland	12.8819
discount	12.8816
permanently	12.8789
stopping	12.8738
motivated	12.8726
clever	12.8723
confirmation	12.8721
prophets	12.8703
liquor	12.8664
cheek	12.8645
publicity	12.8631
spaniards	12.8616
publish	12.8562
shaw	12.8560
struggles	12.8439
meters	12.8403
indicator	12.8402
xv	12.8364
receptors	12.8353
remind	12.8340
ash	12.8308
indispensable	12.8267
aluminum	12.8213
compete	12.8190
casting	12.8182
pc	12.8167
dominion	12.8153
angular	12.8128
sized	12.8087
slightest	12.8084
nancy	12.8045
intend	12.8019
slopes	12.7990
campaigns	12.7982
monarchy	12.7939
indies	12.7915
explored	12.7800
gaining	12.7761
hurry	12.7754
psychiatry	12.7750
trustee	12.7740
locate	12.7738
dorsal	12.7714
fisher	12.7582
gradient	12.7571
oppose	12.7534
hypotheses	12.7510
staring	12.7469
corpus	12.7460
alternate	12.7420
matching	12.7415
prompt	12.7402
couples	12.7378
roberts	12.7374
reporter	12.7367
formidable	12.7316
standpoint	12.7213
paused	12.7087
alabama	12.7081
petty	12.7047
clin	12.7044
amendments	12.7035
strings	12.7023
memoirs	12.7007
hurried	12.6975
baptist	12.6972
beg	12.6972
trusted	12.6962
mentally	12.6941
wallace	12.6907
simplest	12.6869
broadcast	12.6864
filing	12.6844
nm	12.6759
je	12.6758
limb	12.6746
stamp	12.6743
spine	12.6676
react	12.6660
presidency	12.6642
indifferent	12.6610
flies	12.6597
surprisingly	12.6547
advancing	12.6533
pop	12.6528
organisations	12.6465
israeli	12.6454
proves	12.6439
snake	12.6427
substrate	12.6401
behold	12.6363
refined	12.6354
solomon	12.6341
graphic	12.6339
surviving	12.6309
lengths	12.6230
incentive	12.6215
hopkins	12.6186
deciding	12.6143
resolutions	12.6034
pipes	12.5977
inconsistent	12.5888
decorated	12.5887
pencil	12.5864
gilbert	12.5813
theorem	12.5764
fantasy	12.5752
professors	12.5744
imaginary	12.5740
resemblance	12.5719
nobility	12.5707
goddess	12.5681
pleasures	12.5659
delightful	12.5646
behave	12.5643
lovers	12.5634
apostles	12.5630
spell	12.5613
embedded	12.5596
secretion	12.5543
dirt	12.5515
os	12.5507
binary	12.5431
republicans	12.5385
xvi	12.5344
heavens	12.5327
agreeable	12.5326
realism	12.5276
enforced	12.5262
ussr	12.5257
meter	12.5225
authentic	12.5217
orchestra	12.5209
disc	12.5203
descendants	12.5203
climbed	12.5199
respectable	12.5188
fuller	12.5167
softly	12.5144
rolls	12.5103
furnace	12.5100
vivid	12.5092
cared	12.5070
perpetual	12.5066
negotiation	12.5044
discoveries	12.5041
hint	12.5036
collector	12.5016
reed	12.5014
plots	12.5004
generalized	12.4991
baptism	12.4972
solitary	12.4952
suite	12.4921
concludes	12.4902
burnt	12.4863
evils	12.4862
offset	12.4857
constituents	12.4806
foregoing	12.4786
heir	12.4708
communal	12.4691
stems	12.4674
specialist	12.4626
depicted	12.4614
columbus	12.4575
straw	12.4560
planting	12.4498
manuscripts	12.4427
drain	12.4369
dish	12.4332
inhibition	12.4324
clusters	12.4321
claiming	12.4310
guys	12.4307
admired	12.4275
rooted	12.4257
examinations	12.4237
mortal	12.4208
locally	12.4166
clauses	12.4164
punished	12.4160
spectra	12.4128
beast	12.4117
singer	12.4107
legally	12.4095
uncommon	12.4038
suits	12.4028
transparent	12.3964
tips	12.3920
bending	12.3856
caribbean	12.3803
shareholders	12.3794
hire	12.3793
relieve	12.3781
susceptible	12.3719
advocates	12.3710
tunnel	12.3705
cult	12.3671
dilemma	12.3643
relied	12.3630
fertile	12.3574
phillips	12.3570
exhibits	12.3560
weary	12.3559
stiff	12.3515
trains	12.3495
practitioners	12.3470
coordinate	12.3452
incentives	12.3439
arabic	12.3432
husbands	12.3427
alteration	12.3425
happily	12.3390
nigeria	12.3296
bind	12.3282
hans	12.3274
echo	12.3223
aroused	12.3211
insect	12.3168
beans	12.3145
lean	12.3126
fits	12.3122
domination	12.3096
temptation	12.3091
memorandum	12.3034
viewing	12.3031
soap	12.2984
twin	12.2954
railways	12.2918
maine	12.2889
noting	12.2851
substituted	12.2829
offspring	12.2824
rendering	12.2799
olive	12.2756
transfers	12.2738
likes	12.2734
tightly	12.2727
watson	12.2726
defendants	12.2703
remarkably	12.2696
trips	12.2687
valleys	12.2676
arabs	12.2673
struggling	12.2614
particulars	12.2602
rogers	12.2591
indonesia	12.2587
rape	12.2577
marital	12.2569
wrought	12.2503
wondering	12.2479
basket	12.2425
imaging	12.2412
conceptions	12.2367
remedies	12.2356
focusing	12.2355
renewal	12.2350
hook	12.2283
ip	12.2270
pardon	12.2204
jonathan	12.2178
fourteenth	12.2169
homogeneous	12.2103
constructive	12.2097
augustine	12.2073
secrets	12.2037
thumb	12.2030
simultaneous	12.2009
collins	12.2002
latitude	12.1992
marriages	12.1987
sheer	12.1942
tourism	12.1934
vapor	12.1884
autonomous	12.1876
imagery	12.1865
partition	12.1851
stimulate	12.1844
tune	12.1816
holder	12.1769
geographic	12.1763
movies	12.1741
jacket	12.1655
nay	12.1613
whatsoever	12.1554
surroundings	12.1524
lesion	12.1505
formulated	12.1456
premium	12.1454
gotten	12.1432
polar	12.1431
leo	12.1409
specialists	12.1406
numbered	12.1405
preached	12.1365
cubic	12.1337
solvent	12.1283
duly	12.1257
merchandise	12.1204
lend	12.1184
melting	12.1175
plantation	12.1156
beating	12.1148
neural	12.1148
officially	12.1124
edwards	12.1121
capita	12.1118
swiss	12.1107
nixon	12.1090
charlie	12.1065
relaxed	12.0997
disclosure	12.0969
univ	12.0922
coil	12.0914
controversial	12.0903
complement	12.0883
pioneer	12.0880
conspiracy	12.0849
originated	12.0844
wagon	12.0824
lightning	12.0820
semantic	12.0766
trinity	12.0759
messenger	12.0716
deserted	12.0609
antibody	12.0574
impulses	12.0561
ali	12.0553
eagle	12.0544
kent	12.0541
puerto	12.0503
accommodate	12.0492
execute	12.0475
rifle	12.0390
employing	12.0320
gang	12.0301
deduction	12.0282
rna	12.0269
orbit	12.0243
balls	12.0238
adjustments	12.0190
explosion	12.0176
charlotte	12.0171
comprehension	12.0162
tenants	12.0160
app	12.0116
exposition	12.0106
fluctuations	12.0080
jet	12.0073
casual	12.0048
resemble	12.0028
forgot	12.0013
conquered	11.9996
drum	11.9963
anchor	11.9952
pet	11.9888
pepper	11.9865
sheriff	11.9840
civilized	11.9826
portfolio	11.9714
righteousness	11.9682
metabolic	11.9668
membranes	11.9668
cries	11.9637
aided	11.9630
imperfect	11.9492
awake	11.9461
insulin	11.9456
proclamation	11.9443
ink	11.9410
traveled	11.9387
canvas	11.9381
billy	11.9357
disabled	11.9350
bass	11.9298
ticket	11.9298
recognizing	11.9281
kissed	11.9249
contractor	11.9239
cups	11.9206
sung	11.9175
tense	11.9149
consulting	11.9136
genesis	11.9109
generating	11.9075
trades	11.9075
endure	11.9068
cohen	11.9065
conflicting	11.8997
honourable	11.8972
harbour	11.8964
differing	11.8914
fibres	11.8913
query	11.8834
agitation	11.8829
ecology	11.8820
damn	11.8815
reluctant	11.8800
cir	11.8790
expressly	11.8788
prevents	11.8780
manifestation	11.8740
taiwan	11.8730
succeeding	11.8724
celebration	11.8695
enjoying	11.8676
appealed	11.8653
saxon	11.8651
slender	11.8620
convincing	11.8559
marshal	11.8552
fashioned	11.8524
arithmetic	11.8480
dissertation	11.8435
ascertain	11.8432
suppression	11.8406
melancholy	11.8391
resigned	11.8391
perpendicular	11.8388
disappointment	11.8387
systemic	11.8384
container	11.8364
hardy	11.8339
enthusiastic	11.8333
hungarian	11.8299
maid	11.8294
bankruptcy	11.8284
hiding	11.8280
charts	11.8277
inscription	11.8272
comic	11.8261
delegation	11.8239
cannon	11.8220
drying	11.8212
upwards	11.8181
participating	11.8147
treasurer	11.8132
cake	11.8119
bags	11.8077
jose	11.8041
mate	11.7935
legacy	11.7888
inspector	11.7888
meditation	11.7888
whoever	11.7866
reagan	11.7863
pottery	11.7850
pearl	11.7829
answering	11.7723
oneself	11.7679
beta	11.7665
ingredients	11.7653
che	11.7575
symmetry	11.7527
madrid	11.7526
telegraph	11.7498
founding	11.7490
syria	11.7382
mapping	11.7376
java	11.7270
westminster	11.7204
compatible	11.7199
obstruction	11.7188
upright	11.7186
fatty	11.7178
facial	11.7163
minimize	11.7156
transit	11.7135
sunlight	11.7102
hughes	11.7100
summoned	11.7075
shelf	11.7015
feasible	11.6971
figured	11.6870
manipulation	11.6861
individually	11.6842
forcing	11.6841
conductor	11.6799
contributing	11.6794
sultan	11.6771
ins	11.6762
liabilities	11.6706
neurons	11.6695
universally	11.6674
consequent	11.6663
kate	11.6646
pat	11.6616
battalion	11.6599
initiation	11.6587
impaired	11.6564
persecution	11.6563
militia	11.6560
lacked	11.6528
maritime	11.6523
embodied	11.6492
governors	11.6459
ugly	11.6446
faculties	11.6412
amounted	11.6411
implication	11.6375
constraint	11.6342
custody	11.6341
countryside	11.6335
owed	11.6274
peaks	11.6251
generals	11.6228
vocal	11.6218
variability	11.6192
twelfth	11.6184
constituent	11.6154
peru	11.6133
dim	11.6119
arrows	11.6116
inward	11.6091
assessing	11.6066
confederate	11.6064
anonymous	11.6052
hereditary	11.6010
curved	11.6004
insights	11.5974
hip	11.5968
exchanges	11.5955
designer	11.5901
unwilling	11.5882
diego	11.5874
conformity	11.5771
clinic	11.5761
creditors	11.5716
interventions	11.5677
supervisor	11.5677
rebels	11.5652
documented	11.5650
dominance	11.5643
cheeks	11.5634
volunteer	11.5605
graduated	11.5604
aspirations	11.5575
caring	11.5557
breadth	11.5511
beams	11.5506
reinforcement	11.5494
quotation	11.5444
entertained	11.5429
commented	11.5423
baseball	11.5414
sailing	11.5412
enlightenment	11.5394
dishes	11.5343
cows	11.5339
hr	11.5325
decreasing	11.5276
closest	11.5272
countenance	11.5266
cigarette	11.5190
swelling	11.5047
admirable	11.5036
calcutta	11.5017
eric	11.5013
victorian	11.4991
seasonal	11.4987
scenario	11.4952
commencement	11.4922
chile	11.4912
challenging	11.4885
winding	11.4839
knights	11.4837
drill	11.4818
broadly	11.4809
creativity	11.4779
auto	11.4779
consulted	11.4772
neighbours	11.4766
tenure	11.4738
sealed	11.4734
sue	11.4710
generic	11.4666
minorities	11.4649
earthly	11.4638
metallic	11.4625
reproductive	11.4585
rabbit	11.4566
noun	11.4558
apostle	11.4525
monarch	11.4486
locality	11.4464
defective	11.4435
shores	11.4433
fearful	11.4427
conform	11.4423
opponent	11.4394
fifteenth	11.4371
assign	11.4363
pt	11.4345
kelly	11.4339
unite	11.4338
discrete	11.4325
focuses	11.4293
eligible	11.4277
resonance	11.4276
discusses	11.4259
extracted	11.4187
frustration	11.4183
rites	11.4172
communicated	11.4143
optimum	11.4111
vis	11.4085
mutually	11.4083
isbn	11.4034
audit	11.4006
focal	11.3832
carcinoma	11.3806
spencer	11.3803
inclination	11.3750
spelling	11.3736
continuation	11.3726
salmon	11.3710
pious	11.3709
precipitation	11.3708
exaggerated	11.3570
tuberculosis	11.3497
stolen	11.3487
alaska	11.3450
practiced	11.3432
conferred	11.3415
envelope	11.3415
archaeological	11.3393
landlord	11.3393
socio	11.3366
deity	11.3357
dividends	11.3327
parking	11.3278
magistrate	11.3259
contingent	11.3243
priorities	11.3231
hazard	11.3203
proven	11.3200
propagation	11.3191
freed	11.3173
predominantly	11.3098
revealing	11.3062
exceeds	11.3050
unpleasant	11.3046
frost	11.2989
una	11.2979
executives	11.2974
gothic	11.2962
miscellaneous	11.2959
folded	11.2880
redemption	11.2842
reservoir	11.2832
declining	11.2754
sends	11.2674
mo	11.2650
zur	11.2642
procession	11.2629
bet	11.2625
advise	11.2587
cc	11.2584
economists	11.2551
undergo	11.2498
pastoral	11.2497
solidarity	11.2455
granting	11.2452
screw	11.2443
murdered	11.2443
wires	11.2436
railroads	11.2390
hollywood	11.2363
elect	11.2358
greatness	11.2308
resembles	11.2308
commissions	11.2249
plea	11.2228
audiences	11.2209
mentions	11.2209
cliffs	11.2205
ib	11.2111
wagner	11.2076
acta	11.2066
complain	11.2054
exchanged	11.2029
aloud	11.2016
exterior	11.1981
adolescents	11.1928
correlated	11.1907
amazing	11.1897
inflammatory	11.1838
mt	11.1810
disadvantage	11.1764
matched	11.1696
launch	11.1646
ram	11.1614
prussia	11.1603
loses	11.1599
imperative	11.1567
dem	11.1519
monastery	11.1505
ruined	11.1476
imposing	11.1467
combustion	11.1376
feudal	11.1348
worldwide	11.1347
dragged	11.1334
ni	11.1307
crushed	11.1259
sri	11.1233
compulsory	11.1188
participated	11.1180
preacher	11.1179
dis	11.1163
northeast	11.1125
productions	11.1103
contracted	11.0981
investigators	11.0979
cr	11.0957
taxable	11.0954
antibodies	11.0940
warriors	11.0926
tourist	11.0926
paradigm	11.0914
resumed	11.0873
deserves	11.0836
suppressed	11.0809
sponsored	11.0796
competitors	11.0722
gandhi	11.0717
probe	11.0707
hull	11.0698
questioning	11.0683
immunity	11.0672
turks	11.0667
exceeded	11.0665
compiled	11.0658
conditioning	11.0645
capacities	11.0605
profiles	11.0590
theodore	11.0566
theirs	11.0529
norm	11.0484
resignation	11.0480
deaf	11.0476
appetite	11.0472
joan	11.0458
joke	11.0422
ar	11.0358
wax	11.0337
layout	11.0294
debtor	11.0283
margins	11.0275
adventures	11.0273
pursuing	11.0270
arteries	11.0265
burke	11.0219
appearances	11.0218
monk	11.0204
arguing	11.0166
privileged	11.0160
microsoft	11.0158
morals	11.0103
laboratories	11.0092
pathology	11.0089
habitat	11.0082
posed	11.0053
musicians	11.0031
presumed	11.0000
transient	10.9969
abbey	10.9936
prompted	10.9898
advocated	10.9884
portraits	10.9873
cooked	10.9846
prevail	10.9824
comply	10.9786
yearly	10.9745
domains	10.9730
basal	10.9704
acceleration	10.9675
breed	10.9651
terminology	10.9635
serial	10.9588
weber	10.9568
invite	10.9478
refusing	10.9477
activated	10.9445
pond	10.9442
cone	10.9437
cumulative	10.9435
sweat	10.9431
compassion	10.9416
folks	10.9415
holdings	10.9411
monsieur	10.9388
teachings	10.9365
prevalent	10.9351
appoint	10.9341
hotels	10.9331
computation	10.9308
medication	10.9306
laura	10.9303
elders	10.9296
piety	10.9279
holmes	10.9248
pleasing	10.9231
responding	10.9222
interpersonal	10.9166
po	10.9155
unified	10.9147
pigs	10.9144
alterations	10.9136
edit	10.9020
patch	10.9019
stationary	10.9008
tony	10.8991
bounds	10.8985
su	10.8981
horrible	10.8976
eyed	10.8945
lucy	10.8937
malignant	10.8911
drivers	10.8892
judging	10.8887
beard	10.8864
chorus	10.8845
contracting	10.8842
framed	10.8840
wandering	10.8834
flames	10.8820
dramatically	10.8814
subsidiary	10.8780
homer	10.8772
welcomed	10.8769
tuesday	10.8761
conditioned	10.8692
trick	10.8681
fortunes	10.8672
supernatural	10.8619
sacrifices	10.8596
genre	10.8558
martha	10.8533
exploring	10.8533
instructor	10.8530
fitness	10.8526
viewpoint	10.8462
herald	10.8396
taxpayer	10.8374
instability	10.8367
hereby	10.8359
saturated	10.8343
broadcasting	10.8337
intestinal	10.8322
fellowship	10.8319
dreadful	10.8316
electrode	10.8307
corrupt	10.8286
verdict	10.8276
stained	10.8253
weighed	10.8243
composer	10.8227
penetration	10.8207
constants	10.8144
gauge	10.8140
receipts	10.8137
ashamed	10.8119
hemisphere	10.8118
bilateral	10.8054
va	10.8045
questionnaire	10.8039
grove	10.7915
soup	10.7900
unstable	10.7862
applicant	10.7838
exempt	10.7820
cane	10.7804
sits	10.7798
extracts	10.7752
incorporation	10.7698
dwell	10.7692
deadly	10.7672
antigen	10.7636
polymer	10.7588
characterization	10.7569
picking	10.7566
contradictory	10.7530
lab	10.7530
destroying	10.7521
sensations	10.7516
narrator	10.7506
barrel	10.7503
embassy	10.7487
eternity	10.7465
paragraphs	10.7441
detached	10.7426
abolition	10.7406
altitude	10.7406
remembering	10.7377
visions	10.7360
predictions	10.7360
spheres	10.7358
pretend	10.7346
enabling	10.7334
rebel	10.7264
subsection	10.7248
ridiculous	10.7233
governance	10.7197
reservation	10.7185
concessions	10.7183
observes	10.7172
prevalence	10.7118
lighter	10.7062
creed	10.7042
workmen	10.7038
stimulating	10.7027
readiness	10.6998
webster	10.6925
litigation	10.6916
arterial	10.6912
settling	10.6889
overlooked	10.6887
judaism	10.6841
ut	10.6759
declares	10.6739
innocence	10.6716
consolidated	10.6691
odds	10.6659
socrates	10.6637
darwin	10.6632
lawful	10.6593
unfair	10.6589
neighboring	10.6587
satisfying	10.6508
embraced	10.6440
mac	10.6403
eliot	10.6399
myths	10.6369
tis	10.6362
concluding	10.6358
quasi	10.6326
practised	10.6325
photography	10.6294
acquiring	10.6215
jealousy	10.6209
graves	10.6205
saddle	10.6196
attach	10.6193
immigrant	10.6173
contemporaries	10.6165
golf	10.6146
passionate	10.6131
cemetery	10.6123
chronicle	10.6115
incorrect	10.6104
rainfall	10.6097
preserving	10.6093
cats	10.6010
ammonia	10.5935
buddhism	10.5934
wavelength	10.5923
dealer	10.5921
prints	10.5889
affections	10.5871
jaw	10.5867
expecting	10.5839
resentment	10.5825
erect	10.5813
vitro	10.5765
coronary	10.5754
satan	10.5735
metaphysical	10.5732
valuation	10.5682
cinema	10.5660
incredible	10.5655
disadvantages	10.5587
thunder	10.5548
livestock	10.5523
donor	10.5508
neighbouring	10.5501
drank	10.5494
chi	10.5480
rude	10.5477
spray	10.5471
ventricular	10.5424
abolished	10.5366
drinks	10.5362
monuments	10.5354
argentina	10.5305
agrees	10.5252
participant	10.5224
bloom	10.5206
ap	10.5194
additions	10.5187
diagrams	10.5182
shots	10.5175
dairy	10.5138
outset	10.5120
affinity	10.5103
sherman	10.5087
designing	10.5064
neo	10.5061
literal	10.5061
enlightened	10.4996
symposium	10.4993
displaced	10.4990
strata	10.4910
module	10.4888
miracles	10.4857
quarrel	10.4851
judgement	10.4839
audio	10.4815
towers	10.4798
feeble	10.4791
liberties	10.4762
raymond	10.4742
simpler	10.4736
sanction	10.4735
lenin	10.4713
fetal	10.4703
thursday	10.4700
irrelevant	10.4692
boom	10.4690
leaning	10.4676
axes	10.4616
posture	10.4598
contention	10.4587
stretching	10.4573
stack	10.4567
sauce	10.4557
reconciliation	10.4554
folder	10.4506
microscope	10.4482
blown	10.4421
decent	10.4396
nineteen	10.4361
convicted	10.4334
jacques	10.4323
helpless	10.4280
textile	10.4262
announcement	10.4252
shortage	10.4251
bis	10.4213
montreal	10.4187
ai	10.4185
disabilities	10.4132
epic	10.4061
ellen	10.4045
coupling	10.4042
reflex	10.4037
formulas	10.4030
distal	10.4009
clarity	10.3989
approve	10.3970
translations	10.3940
suffice	10.3881
processed	10.3880
hamlet	10.3825
mediated	10.3820
decomposition	10.3778
adapt	10.3775
fore	10.3741
unlimited	10.3711
dared	10.3707
harvey	10.3685
thyroid	10.3655
bottles	10.3631
vested	10.3606
declaring	10.3587
ta	10.3585
ec	10.3533
uncomfortable	10.3493
urinary	10.3490
lent	10.3423
folly	10.3410
foremost	10.3399
imperialism	10.3376
requisite	10.3348
feathers	10.3341
postwar	10.3340
verbs	10.3336
privately	10.3332
als	10.3307
researcher	10.3299
packet	10.3280
plague	10.3276
credits	10.3217
grip	10.3216
hood	10.3210
owen	10.3202
fluids	10.3192
graduates	10.3161
endeavour	10.3126
reverence	10.3071
warrior	10.3063
rom	10.3030
bc	10.3018
straightforward	10.3015
cruelty	10.3008
hey	10.2995
dispersed	10.2980
resume	10.2939
usefulness	10.2840
distinguishing	10.2832
shoe	10.2816
symptom	10.2810
fortress	10.2802
organised	10.2779
similarities	10.2775
daring	10.2771
nobles	10.2771
fury	10.2769
packing	10.2714
tempted	10.2658
consciously	10.2656
constantinople	10.2634
oils	10.2623
heirs	10.2537
fascinating	10.2534
climbing	10.2510
reynolds	10.2509
ti	10.2443
tensions	10.2429
prophecy	10.2428
geology	10.2407
closure	10.2376
engaging	10.2354
labels	10.2335
torture	10.2315
negligence	10.2313
strengths	10.2304
pose	10.2237
conditional	10.2231
honorable	10.2230
fr	10.2216
cervical	10.2210
accidental	10.2197
md	10.2183
implementing	10.2163
suspicious	10.2110
micro	10.2104
patron	10.2073
twisted	10.2070
exerted	10.2070
reciprocal	10.2062
intellectuals	10.2024
narratives	10.1988
criticized	10.1975
harmful	10.1934
abdomen	10.1920
spectral	10.1905
leonard	10.1884
exert	10.1879
nat	10.1865
obstacle	10.1844
houston	10.1834
beasts	10.1827
unemployed	10.1813
apprehension	10.1783
unjust	10.1741
waist	10.1729
directing	10.1706
patronage	10.1703
shocked	10.1690
decoration	10.1662
neat	10.1641
nonsense	10.1627
breathe	10.1599
atlanta	10.1596
seize	10.1592
alas	10.1572
levy	10.1561
polished	10.1549
steve	10.1503
arena	10.1490
stirred	10.1477
lifting	10.1460
penalties	10.1418
offense	10.1411
humour	10.1409
unchanged	10.1332
curtain	10.1313
fountain	10.1287
compositions	10.1285
allegiance	10.1268
clan	10.1240
expose	10.1233
generator	10.1191
bo	10.1156
outlet	10.1153
linking	10.1102
weaker	10.1100
scholarly	10.1030
vacation	10.1022
plateau	10.0985
endowed	10.0935
continual	10.0928
sweep	10.0921
coherent	10.0909
ci	10.0892
editing	10.0869
plaintiffs	10.0855
maurice	10.0828
charitable	10.0781
glasgow	10.0774
sailors	10.0763
mess	10.0733
transported	10.0725
token	10.0713
realised	10.0690
diffuse	10.0643
bite	10.0640
establishments	10.0639
nj	10.0638
adjoining	10.0631
professions	10.0586
della	10.0577
prayed	10.0562
ernest	10.0530
oven	10.0524
sterling	10.0506
curse	10.0492
latent	10.0471
hypertension	10.0464
sexes	10.0458
graphics	10.0451
recipient	10.0446
marxist	10.0436
lofty	10.0426
clarke	10.0407
respondent	10.0401
edmund	10.0387
tenderness	10.0382
saviour	10.0350
wholesale	10.0335
knocked	10.0328
travelled	10.0325
interact	10.0297
schooling	10.0295
sinking	10.0292
wednesday	10.0269
differentiated	10.0266
justly	10.0255
marking	10.0217
appraisal	10.0212
um	10.0190
managerial	10.0176
sketches	10.0162
ether	10.0154
gazette	10.0147
emily	10.0130
rectangular	10.0120
gravel	10.0097
aa	10.0060
episodes	10.0054
wasted	10.0032
matt	10.0023
hammer	9.9993
bureaucracy	9.9951
indebted	9.9950
ambiguous	9.9923
excluding	9.9890
selfish	9.9883
possessing	9.9881
pricing	9.9875
beginnings	9.9848
stevens	9.9845
vincent	9.9793
sunshine	9.9791
shepherd	9.9764
auf	9.9759
radial	9.9700
consolidation	9.9698
descending	9.9616
teaches	9.9589
fundamentally	9.9568
linen	9.9559
strengthening	9.9501
violated	9.9494
stirring	9.9475
nationality	9.9432
champion	9.9415
locke	9.9413
update	9.9394
subsistence	9.9378
pr	9.9336
ladder	9.9310
seq	9.9306
granite	9.9291
horace	9.9271
aboard	9.9256
plausible	9.9223
panels	9.9221
proximity	9.9202
ascribed	9.9154
dread	9.9151
adaptive	9.9131
rated	9.9126
thirteenth	9.9103
mob	9.9051
prosperous	9.9047
ein	9.9034
supremacy	9.9033
orderly	9.8990
marsh	9.8950
disturbing	9.8944
exemption	9.8908
milan	9.8898
strips	9.8879
compelling	9.8877
insured	9.8874
mao	9.8829
fixing	9.8814
auxiliary	9.8804
dropping	9.8779
silicon	9.8724
richardson	9.8718
quartz	9.8695
worldly	9.8683
denote	9.8607
porch	9.8606
sic	9.8601
hybrid	9.8586
bee	9.8582
outbreak	9.8556
africans	9.8555
sabbath	9.8521
innumerable	9.8521
farewell	9.8516
infancy	9.8505
multiplied	9.8496
tyranny	9.8492
pathway	9.8466
complementary	9.8461
successors	9.8453
buyers	9.8451
complexes	9.8448
preach	9.8442
awards	9.8439
brian	9.8421
scan	9.8398
squadron	9.8367
unsuccessful	9.8347
segregation	9.8344
incorporate	9.8337
attainment	9.8272
lamps	9.8271
initiatives	9.8240
infinitely	9.8233
simplified	9.8229
null	9.8227
oklahoma	9.8223
psychic	9.8146
coordinates	9.8122
cosmic	9.8109
bargain	9.8087
potato	9.8060
identities	9.8048
wrath	9.8042
borrow	9.7982
carbonate	9.7977
dug	9.7970
liberals	9.7946
suppliers	9.7942
tracts	9.7910
notation	9.7904
cheerful	9.7902
insertion	9.7899
irony	9.7871
exp	9.7866
solids	9.7862
villa	9.7861
rim	9.7848
lordship	9.7831
lumber	9.7789
nasal	9.7784
attacking	9.7772
weaknesses	9.7761
breeze	9.7710
roses	9.7698
experiencing	9.7689
masculine	9.7687
pl	9.7678
kenneth	9.7669
recognizes	9.7663
emerges	9.7623
silly	9.7595
extremity	9.7589
pittsburgh	9.7575
ratings	9.7572
miners	9.7572
disciplines	9.7557
amusement	9.7547
replacing	9.7542
bennett	9.7541
wildlife	9.7486
processor	9.7462
autobiography	9.7459
progression	9.7443
vanished	9.7438
mar	9.7414
blocked	9.7400
veterans	9.7387
withdrew	9.7375
emancipation	9.7366
uttered	9.7357
pursuant	9.7346
outlines	9.7344
routledge	9.7336
patriotic	9.7333
psychologists	9.7330
coping	9.7328
xvii	9.7327
dispersion	9.7308
instituted	9.7296
sc	9.7287
sunk	9.7282
chromosome	9.7281
blanket	9.7265
borrowing	9.7258
consul	9.7233
analyzing	9.7231
wishing	9.7206
freezing	9.7170
premature	9.7160
ave	9.7137
hampshire	9.7091
sighed	9.7075
unequal	9.7066
accelerated	9.7058
honesty	9.7042
crosses	9.7031
daylight	9.7020
resisted	9.6996
famine	9.6967
inappropriate	9.6955
prone	9.6909
carpenter	9.6907
kim	9.6894
rang	9.6886
trigger	9.6879
por	9.6866
hosts	9.6858
sermons	9.6852
imaginative	9.6824
eugene	9.6761
annals	9.6760
fairy	9.6755
rituals	9.6745
blast	9.6744
hart	9.6736
lap	9.6727
ol	9.6700
comprised	9.6693
motors	9.6667
identifies	9.6666
yielding	9.6665
physiol	9.6663
sticks	9.6640
floors	9.6613
gram	9.6606
vanity	9.6594
restaurants	9.6560
demographic	9.6560
arctic	9.6560
grouped	9.6527
dealers	9.6511
jealous	9.6506
shaping	9.6501
weekend	9.6491
racism	9.6479
liverpool	9.6451
hazardous	9.6444
educators	9.6431
rationale	9.6411
pockets	9.6377
silently	9.6362
shah	9.6345
allocated	9.6320
munich	9.6310
detachment	9.6305
separating	9.6299
eldest	9.6283
careers	9.6245
retire	9.6241
gastric	9.6221
mysteries	9.6212
danish	9.6196
hormones	9.6184
proofs	9.6183
advent	9.6167
innovations	9.6165
cliff	9.6160
ally	9.6150
martial	9.6145
holders	9.6097
halt	9.6085
calculating	9.6076
gdp	9.6070
phil	9.6067
expressive	9.6024
damp	9.6018
bells	9.6016
interpreting	9.6011
abruptly	9.5990
wonders	9.5979
bless	9.5977
unusually	9.5973
denying	9.5973
terminated	9.5961
ventilation	9.5960
dos	9.5901
emerson	9.5871
sanctions	9.5838
writ	9.5783
blowing	9.5778
presidents	9.5771
architects	9.5755
divinity	9.5720
pm	9.5706
uterus	9.5704
standardized	9.5701
spectacle	9.5696
repairs	9.5669
weakened	9.5641
hist	9.5640
ashes	9.5624
congenital	9.5623
sediment	9.5604
dominate	9.5603
ass	9.5602
alex	9.5567
shower	9.5564
theoretically	9.5549
robin	9.5542
sprang	9.5518
collision	9.5496
negotiate	9.5485
ellis	9.5484
switching	9.5428
believers	9.5415
catalog	9.5390
ascertained	9.5343
potent	9.5337
handful	9.5324
doubled	9.5305
xx	9.5291
elbow	9.5256
recurrent	9.5246
chocolate	9.5245
jungle	9.5213
assessments	9.5211
ban	9.5209
delaware	9.5155
norton	9.5109
blake	9.5098
pagan	9.5085
diplomacy	9.5056
protestants	9.5052
assignments	9.5039
controller	9.5018
doorway	9.5012
trembling	9.5001
nickel	9.4988
infectious	9.4979
uniformly	9.4975
deficient	9.4972
backs	9.4962
repeating	9.4919
grabbed	9.4918
efficiently	9.4915
utah	9.4906
supplying	9.4903
interviewed	9.4889
mama	9.4827
dependency	9.4804
copied	9.4799
intimacy	9.4731
inquiries	9.4730
compute	9.4711
thailand	9.4703
mcgraw	9.4699
proving	9.4699
math	9.4670
brooks	9.4659
barn	9.4657
sided	9.4635
dietary	9.4610
tastes	9.4566
reverend	9.4550
welsh	9.4544
nephew	9.4527
devote	9.4488
esq	9.4449
wang	9.4433
murphy	9.4393
mainland	9.4370
emphasizes	9.4365
overlap	9.4245
cuban	9.4231
surg	9.4225
lighted	9.4219
nuts	9.4193
ammunition	9.4190
portland	9.4174
accepts	9.4173
residue	9.4170
successes	9.4160
julia	9.4148
distortion	9.4146
turnover	9.4144
marquis	9.4118
mammals	9.4116
adopting	9.4112
affirmed	9.4109
sustainable	9.4106
jazz	9.4100
regulating	9.4081
lattice	9.4031
breasts	9.4026
transitions	9.4001
sweeping	9.3971
inasmuch	9.3931
temperament	9.3921
wretched	9.3917
hawaii	9.3907
syntax	9.3906
xviii	9.3886
constructing	9.3809
appropriately	9.3757
appointments	9.3739
instructional	9.3720
painters	9.3647
kinetic	9.3641
conversely	9.3639
alexandria	9.3625
offenders	9.3612
quo	9.3592
convictions	9.3590
trait	9.3580
attendant	9.3578
cautious	9.3563
tr	9.3560
insignificant	9.3559
substantive	9.3551
restrict	9.3536
finland	9.3530
objected	9.3503
contributes	9.3499
misleading	9.3429
penny	9.3420
quotations	9.3411
glow	9.3406
gifted	9.3399
pamphlet	9.3394
doth	9.3366
papal	9.3362
paradox	9.3360
blessings	9.3332
correlations	9.3277
cholesterol	9.3254
youngest	9.3247
triple	9.3205
praised	9.3199
affirmative	9.3195
vibration	9.3175
mastery	9.3174
inquire	9.3148
commissioned	9.3137
utilities	9.3119
jimmy	9.3116
grounded	9.3109
montgomery	9.3082
derivative	9.3076
resultant	9.3065
terrorism	9.3058
planets	9.3056
morally	9.3038
leon	9.3036
violet	9.3013
eagerly	9.2986
riches	9.2985
punish	9.2979
headache	9.2966
cornell	9.2965
compass	9.2931
fisheries	9.2871
precedent	9.2833
penetrate	9.2818
respiration	9.2815
township	9.2808
ref	9.2808
auditory	9.2789
systematically	9.2761
barry	9.2746
lacks	9.2742
eine	9.2728
tap	9.2707
indignation	9.2702
stance	9.2694
hegel	9.2676
aqueous	9.2666
sulphur	9.2665
clerical	9.2658
introductory	9.2652
valves	9.2642
bundle	9.2630
forthcoming	9.2628
ronald	9.2612
uniformity	9.2580
outdoor	9.2578
jay	9.2543
righteous	9.2526
normative	9.2500
manufactures	9.2465
crash	9.2463
arabia	9.2424
freeman	9.2383
naples	9.2382
petersburg	9.2382
problematic	9.2377
legitimacy	9.2366
rods	9.2305
mars	9.2295
speculative	9.2291
basement	9.2276
spinning	9.2244
papa	9.2213
criminals	9.2213
tim	9.2193
colonists	9.2170
darling	9.2136
projections	9.2088
retrieval	9.2085
blows	9.2081
lowering	9.2058
magistrates	9.2042
phosphorus	9.2036
absorb	9.2011
derivatives	9.2005
mystical	9.1992
sunset	9.1927
dorothy	9.1910
disastrous	9.1869
interstate	9.1863
envy	9.1855
consuming	9.1832
moist	9.1814
flora	9.1812
mainstream	9.1790
irritation	9.1787
elasticity	9.1785
greeted	9.1765
crowds	9.1731
bathroom	9.1729
subsidies	9.1689
intuition	9.1685
slower	9.1680
certificates	9.1659
pending	9.1658
struggled	9.1643
comprehend	9.1640
rental	9.1632
hast	9.1610
guiding	9.1594
confrontation	9.1574
ir	9.1560
conceal	9.1543
hume	9.1534
consultant	9.1531
monster	9.1525
elephant	9.1519
spiral	9.1455
learnt	9.1454
viable	9.1422
energetic	9.1414
precipitate	9.1353
pledge	9.1312
scared	9.1297
plotted	9.1256
alternatively	9.1246
weighted	9.1241
madness	9.1220
belly	9.1196
differed	9.1183
patriotism	9.1162
countless	9.1069
earthquake	9.1039
robertson	9.1034
deepest	9.1032
nick	9.1016
cage	9.0996
anniversary	9.0975
tab	9.0974
reservations	9.0918
posted	9.0899
pertinent	9.0881
demonstrations	9.0852
panama	9.0842
anymore	9.0811
cart	9.0788
trivial	9.0783
powell	9.0781
schedules	9.0764
excitation	9.0759
sublime	9.0758
gm	9.0699
commitments	9.0682
fantastic	9.0675
kin	9.0656
offerings	9.0632
earning	9.0613
ra	9.0605
reformers	9.0604
archaeology	9.0565
br	9.0514
candle	9.0506
predecessors	9.0489
rents	9.0476
dividend	9.0462
hoc	9.0450
dante	9.0433
rabbi	9.0431
countrymen	9.0427
sidney	9.0423
protested	9.0395
canyon	9.0385
fare	9.0381
doubted	9.0358
ps	9.0336
avoidance	9.0332
soda	9.0313
imprisoned	9.0312
chris	9.0307
premier	9.0245
aforesaid	9.0244
gel	9.0231
venus	9.0216
enduring	9.0214
unreasonable	9.0201
plantations	9.0187
fishes	9.0177
youthful	9.0150
resembling	9.0141
scenery	9.0131
herd	9.0098
extinction	9.0091
supplementary	9.0052
survivors	9.0042
cole	9.0036
regimes	9.0033
birmingham	9.0013
ambiguity	9.0007
prejudices	8.9989
trucks	8.9988
fog	8.9972
multiply	8.9963
interactive	8.9949
veil	8.9948
favoured	8.9940
mounting	8.9939
sufferings	8.9922
algorithms	8.9922
tops	8.9916
importantly	8.9904
purchaser	8.9886
lending	8.9871
packages	8.9869
defending	8.9844
prairie	8.9803
transformations	8.9797
tennis	8.9747
embryo	8.9734
confessed	8.9727
easter	8.9707
workplace	8.9687
markedly	8.9670
venous	8.9670
finely	8.9656
dances	8.9647
politician	8.9645
finishing	8.9625
completing	8.9608
guarded	8.9591
depart	8.9578
pretended	8.9561
criticisms	8.9519
retaining	8.9500
buttons	8.9495
fractions	8.9451
directive	8.9440
float	8.9415
communicating	8.9376
admits	8.9374
equitable	8.9365
forgiveness	8.9360
provisional	8.9351
crest	8.9345
wrist	8.9331
perry	8.9325
relax	8.9317
arisen	8.9266
methodist	8.9248
fractures	8.9242
analyst	8.9227
oppressed	8.9223
revived	8.9197
realizing	8.9196
rev	8.9183
crises	8.9176
merry	8.9163
tribune	8.9160
encounters	8.9118
patches	8.9111
innovative	8.9095
arkansas	8.9089
johnny	8.9086
jerry	8.9077
rachel	8.9064
lad	8.9030
cairo	8.9006
newman	8.9002
fulfill	8.8983
upstairs	8.8981
advisable	8.8978
accession	8.8975
illumination	8.8956
scanning	8.8947
aristocracy	8.8936
understands	8.8902
comprising	8.8899
justices	8.8888
leap	8.8879
albany	8.8858
toxicity	8.8811
palmer	8.8796
detective	8.8795
dig	8.8776
hesitated	8.8734
holidays	8.8726
restless	8.8714
laborers	8.8711
glimpse	8.8709
sally	8.8706
threads	8.8701
alignment	8.8674
melody	8.8672
tech	8.8645
bounded	8.8639
estimating	8.8628
fork	8.8624
initiate	8.8620
ranch	8.8612
dislike	8.8610
journalists	8.8609
fossil	8.8604
weighing	8.8592
undertook	8.8580
filters	8.8554
electronics	8.8522
persisted	8.8504
swung	8.8500
immortal	8.8465
qualify	8.8437
profoundly	8.8396
batteries	8.8395
coding	8.8368
gary	8.8359
psychotherapy	8.8350
medial	8.8341
ieee	8.8302
gaps	8.8295
inclusive	8.8292
reorganization	8.8285
recognise	8.8270
injected	8.8251
fans	8.8237
larvae	8.8233
fl	8.8229
nursery	8.8220
begged	8.8207
hopeless	8.8193
faded	8.8176
secretly	8.8171
trapped	8.8170
etc	8.8167
integer	8.8157
hazards	8.8140
clearance	8.8117
paralysis	8.8109
fidelity	8.8095
cincinnati	8.8081
precautions	8.8078
theatrical	8.8075
shouting	8.8075
practitioner	8.8055
analytic	8.8051
exploit	8.8050
intersection	8.8044
brussels	8.8036
cognition	8.8021
nato	8.8005
deviations	8.7986
hunters	8.7875
fixation	8.7848
impacts	8.7827
endeavor	8.7820
colon	8.7819
underneath	8.7806
vectors	8.7806
deformation	8.7780
julian	8.7768
administer	8.7689
awkward	8.7669
chamberlain	8.7668
suffrage	8.7668
abnormalities	8.7632
vitality	8.7616
contrasts	8.7580
epoch	8.7577
emma	8.7576
picturesque	8.7551
deserved	8.7543
revolutions	8.7515
contradictions	8.7511
proliferation	8.7483
lengthy	8.7473
convergence	8.7457
caroline	8.7453
heavier	8.7430
joyce	8.7428
longing	8.7422
vietnamese	8.7422
personalities	8.7417
louise	8.7377
derives	8.7349
presbyterian	8.7339
statesman	8.7322
detector	8.7283
hypothetical	8.7269
accent	8.7266
deputies	8.7261
reversal	8.7261
knock	8.7252
asserts	8.7249
cor	8.7241
providers	8.7230
translate	8.7228
distorted	8.7214
persistence	8.7189
certified	8.7177
sank	8.7176
duct	8.7172
alloy	8.7116
notices	8.7107
touches	8.7100
trusts	8.7099
cheaper	8.7081
holiness	8.7076
duncan	8.7071
bullet	8.7062
symphony	8.7058
ibm	8.7054
radicals	8.7026
blew	8.7021
lastly	8.7019
ranged	8.7001
mandate	8.6911
inhabited	8.6901
bureaucratic	8.6895
sanctuary	8.6888
sullivan	8.6882
recourse	8.6855
mss	8.6852
sigh	8.6852
parade	8.6834
searched	8.6832
comrades	8.6809
bred	8.6804
ensuring	8.6794
nails	8.6791
cured	8.6774
issuing	8.6767
optic	8.6761
vomiting	8.6752
cum	8.6749
chip	8.6742
augustus	8.6735
intestine	8.6725
photographic	8.6712
goethe	8.6706
wesley	8.6682
abstraction	8.6659
frontal	8.6658
bosom	8.6637
characterize	8.6612
contemplated	8.6602
alloys	8.6601
gestures	8.6584
sincerely	8.6563
clarify	8.6557
occupies	8.6551
bristol	8.6516
commanders	8.6488
sediments	8.6485
assistants	8.6445
kenya	8.6439
nebraska	8.6430
renders	8.6415
costume	8.6408
treason	8.6405
persuasion	8.6398
booth	8.6387
compressed	8.6377
beautifully	8.6348
eleventh	8.6345
appropriation	8.6330
improper	8.6305
hearings	8.6304
vengeance	8.6288
constrained	8.6263
mediation	8.6251
misfortune	8.6231
refuses	8.6229
englishman	8.6187
doc	8.6184
minus	8.6172
magnesium	8.6168
muhammad	8.6138
neutrality	8.6136
westward	8.6135
introduces	8.6124
byron	8.6091
recruitment	8.6082
confidential	8.6074
eng	8.6046
utilize	8.6003
sliding	8.5999
otto	8.5974
discovering	8.5926
herein	8.5920
daddy	8.5918
bees	8.5893
impairment	8.5877
violations	8.5864
designation	8.5853
pie	8.5852
contamination	8.5847
nitrate	8.5814
catching	8.5813
rupture	8.5793
presumption	8.5777
thomson	8.5728
localities	8.5725
contemplation	8.5713
hierarchical	8.5692
spotted	8.5650
colleague	8.5647
bother	8.5632
cu	8.5595
frustrated	8.5580
fashionable	8.5562
rhetorical	8.5548
grande	8.5494
logs	8.5481
dragon	8.5479
marrow	8.5458
thai	8.5440
bunch	8.5436
repression	8.5433
admire	8.5408
preferable	8.5400
shades	8.5385
formations	8.5381
boiled	8.5376
ranking	8.5370
wills	8.5329
betrayed	8.5313
percentages	8.5293
skeleton	8.5289
guarantees	8.5283
sierra	8.5247
bowed	8.5245
polite	8.5229
paste	8.5221
praying	8.5186
moderately	8.5179
forecast	8.5176
probabilities	8.5176
discomfort	8.5151
celebrate	8.5108
liberalism	8.5100
boiler	8.5095
prussian	8.5080
quotes	8.5080
dedication	8.5077
verlag	8.5070
discourses	8.5069
kinship	8.5061
permitting	8.5040
meyer	8.5018
ere	8.4990
shanghai	8.4979
undesirable	8.4977
logically	8.4962
suppress	8.4957
amer	8.4950
flock	8.4944
duchess	8.4912
theorists	8.4911
scrutiny	8.4907
entrusted	8.4892
ferry	8.4871
insure	8.4869
enlargement	8.4866
diminish	8.4861
scots	8.4811
heels	8.4776
furious	8.4755
photos	8.4742
extremes	8.4741
tag	8.4728
gracious	8.4718
longest	8.4709
sterile	8.4707
spared	8.4690
strangely	8.4689
punch	8.4685
anticipation	8.4677
poisoning	8.4663
terrace	8.4605
matches	8.4588
weigh	8.4544
graceful	8.4517
prescription	8.4516
ferdinand	8.4508
speeds	8.4508
bat	8.4507
senators	8.4491
brow	8.4467
seizure	8.4448
psychologist	8.4436
coup	8.4400
canals	8.4395
subscription	8.4380
awakened	8.4362
episcopal	8.4357
gasoline	8.4328
tiger	8.4313
horns	8.4311
spectator	8.4305
brains	8.4295
indices	8.4293
noticeable	8.4292
localized	8.4286
applicants	8.4262
alcoholic	8.4261
carlos	8.4260
grouping	8.4231
clearer	8.4227
individuality	8.4218
marcus	8.4215
racing	8.4177
nutritional	8.4158
exquisite	8.4149
arrives	8.4147
aboriginal	8.4131
amusing	8.4073
johnston	8.4073
tours	8.4070
av	8.4065
sexually	8.3994
strand	8.3956
supportive	8.3948
lemon	8.3920
coating	8.3918
performs	8.3912
reproduce	8.3896
contrasted	8.3884
adolescence	8.3871
compensate	8.3839
regeneration	8.3796
spectacular	8.3772
hesitation	8.3755
travellers	8.3755
ordained	8.3717
charging	8.3702
capillary	8.3698
hid	8.3664
viscosity	8.3660
larry	8.3659
shrine	8.3654
ripe	8.3651
volcanic	8.3649
condemnation	8.3632
reformed	8.3630
nomination	8.3629
invalid	8.3611
wayne	8.3610
lawn	8.3603
crystalline	8.3575
hospitality	8.3565
prudent	8.3555
pulp	8.3536
pathways	8.3528
negotiated	8.3514
edwin	8.3474
astonished	8.3467
exploited	8.3464
dame	8.3433
decides	8.3429
reactor	8.3428
merger	8.3373
clerks	8.3373
cares	8.3353
startled	8.3348
villagers	8.3346
epidemic	8.3345
sich	8.3335
acad	8.3316
naming	8.3282
melt	8.3273
spark	8.3263
monroe	8.3236
albeit	8.3231
steal	8.3201
fibre	8.3189
dakota	8.3179
vicious	8.3163
mansion	8.3160
tan	8.3157
reluctance	8.3154
advantageous	8.3152
rousseau	8.3139
conservatives	8.3109
sincerity	8.3103
swallowed	8.3099
hastily	8.3098
dissolve	8.3095
bestowed	8.3093
alarmed	8.3079
macro	8.3074
ignoring	8.3057
fulfillment	8.3054
virtuous	8.3029
franchise	8.3015
celestial	8.3009
lymph	8.3000
carpet	8.2990
hesitate	8.2937
thinkers	8.2927
mat	8.2912
cromwell	8.2900
scotch	8.2893
bean	8.2884
metaphysics	8.2879
trout	8.2875
joshua	8.2871
transmit	8.2867
digest	8.2861
thoughtful	8.2851
converts	8.2826
denotes	8.2814
reinforce	8.2811
morphology	8.2804
saturation	8.2804
stripped	8.2801
spherical	8.2797
embarrassed	8.2787
johns	8.2770
inquired	8.2763
vigorously	8.2758
ment	8.2747
ivory	8.2743
explanatory	8.2733
qualification	8.2733
accomplishment	8.2732
inflicted	8.2730
install	8.2715
memorable	8.2709
pitt	8.2670
carol	8.2655
sore	8.2643
dome	8.2624
instincts	8.2622
proximal	8.2621
deterioration	8.2615
persia	8.2611
magical	8.2606
negligible	8.2594
nutrients	8.2576
textbook	8.2563
occupying	8.2557
monkey	8.2557
appealing	8.2551
pertaining	8.2550
invaded	8.2546
marching	8.2542
terrain	8.2534
jamaica	8.2518
ser	8.2517
correspondent	8.2512
jar	8.2494
unaware	8.2489
marker	8.2488
foul	8.2464
sober	8.2462
swim	8.2457
recalls	8.2436
tickets	8.2423
theft	8.2416
shaken	8.2414
strive	8.2411
ascending	8.2374
exhaust	8.2353
emotionally	8.2349
fastened	8.2329
journalist	8.2315
storms	8.2302
variant	8.2292
dreamed	8.2260
tangible	8.2260
melbourne	8.2231
balances	8.2218
traveller	8.2194
dock	8.2190
julius	8.2177
bye	8.2171
frankly	8.2164
mist	8.2150
labourers	8.2148
plural	8.2143
vulgar	8.2119
jointly	8.2117
honored	8.2110
regiments	8.2107
reminds	8.2093
verify	8.2089
reporters	8.2088
nos	8.2088
mourning	8.2059
annie	8.2057
optional	8.2036
vacant	8.2033
journalism	8.2025
poorer	8.2024
inverse	8.2022
versa	8.2013
bailey	8.1986
seattle	8.1968
lb	8.1919
nous	8.1913
pathological	8.1905
linda	8.1843
downtown	8.1826
anticipate	8.1821
collateral	8.1813
quod	8.1812
nicht	8.1751
viruses	8.1749
shelley	8.1747
foliage	8.1735
moss	8.1727
locus	8.1725
slaughter	8.1702
surrendered	8.1689
overnight	8.1688
lining	8.1683
bankers	8.1679
provider	8.1671
incidentally	8.1665
yugoslavia	8.1638
waved	8.1618
restrictive	8.1618
laden	8.1617
creditor	8.1605
macdonald	8.1586
crust	8.1544
investigating	8.1533
plug	8.1525
delays	8.1508
surveillance	8.1477
oval	8.1464
voluntarily	8.1460
tracking	8.1446
rigorous	8.1429
radically	8.1426
mandatory	8.1399
cicero	8.1384
plaster	8.1381
urging	8.1378
axial	8.1376
geometric	8.1347
technically	8.1296
truman	8.1289
disagreement	8.1289
malaysia	8.1283
amidst	8.1281
convent	8.1256
entertain	8.1254
persist	8.1253
ba	8.1234
dickens	8.1232
additionally	8.1232
threaten	8.1226
substituting	8.1221
assemblies	8.1221
avail	8.1189
legends	8.1181
animated	8.1147
hygiene	8.1113
alkaline	8.1094
counterparts	8.1078
corridor	8.1065
continuum	8.1056
gambling	8.1028
decorative	8.0980
sometime	8.0968
anal	8.0935
shipped	8.0912
winston	8.0898
holt	8.0893
supposing	8.0871
pedro	8.0869
dashed	8.0867
italians	8.0858
crowned	8.0856
gabriel	8.0850
flung	8.0844
assimilation	8.0842
gamma	8.0825
contend	8.0814
wireless	8.0799
perceptual	8.0794
occasioned	8.0782
alienation	8.0754
forestry	8.0739
economical	8.0738
lever	8.0738
rewarded	8.0728
swear	8.0718
shrugged	8.0712
twins	8.0708
evaporation	8.0701
toes	8.0693
aux	8.0674
definitive	8.0665
procure	8.0649
eisenhower	8.0627
almighty	8.0621
apples	8.0618
ware	8.0615
haste	8.0603
nail	8.0603
museums	8.0547
concession	8.0543
utterance	8.0524
ingenious	8.0520
scandal	8.0520
grazing	8.0503
springer	8.0489
thirst	8.0458
xix	8.0443
rico	8.0427
treasures	8.0423
evangelical	8.0398
microscopic	8.0394
grams	8.0390
chromosomes	8.0383
reviewing	8.0338
sadly	8.0337
tourists	8.0317
desperately	8.0315
jo	8.0314
mann	8.0306
ia	8.0300
potentials	8.0276
emissions	8.0276
seeming	8.0268
agony	8.0257
uptake	8.0232
conduction	8.0224
greene	8.0205
soviets	8.0200
alternating	8.0194
incompatible	8.0193
toe	8.0181
interim	8.0176
striving	8.0173
costa	8.0173
digestion	8.0152
immortality	8.0145
raid	8.0140
bitterly	8.0134
eliminating	8.0130
andrews	8.0114
handicapped	8.0107
responsive	8.0098
scarlet	8.0079
counselor	8.0065
drained	8.0047
supposedly	8.0036
affords	8.0022
learners	8.0016
ribs	8.0002
interpreter	7.9983
inscriptions	7.9961
agrarian	7.9960
insistence	7.9952
generosity	7.9947
annum	7.9942
nile	7.9940
dye	7.9928
stain	7.9889
dictated	7.9889
spacing	7.9879
specificity	7.9879
beads	7.9871
kit	7.9849
disappearance	7.9838
abuses	7.9810
corrosion	7.9801
conductivity	7.9792
warn	7.9789
aviation	7.9769
penguin	7.9753
pasture	7.9751
circulating	7.9724
brooklyn	7.9709
cafe	7.9693
bin	7.9693
frances	7.9646
stove	7.9646
shy	7.9634
offences	7.9630
licence	7.9622
sacrificed	7.9619
prentice	7.9595
sandstone	7.9583
starch	7.9581
madras	7.9577
col	7.9576
rue	7.9573
cooled	7.9562
stout	7.9551
simpson	7.9513
yeast	7.9498
athletic	7.9492
choir	7.9487
faithfully	7.9482
barren	7.9465
brutal	7.9454
manpower	7.9450
lets	7.9436
edgar	7.9427
skins	7.9401
ken	7.9397
baldwin	7.9392
pots	7.9372
expedient	7.9360
confront	7.9341
comprises	7.9324
inferred	7.9321
corrections	7.9309
duck	7.9309
loudly	7.9293
couch	7.9281
halls	7.9276
garments	7.9270
fin	7.9266
ted	7.9262
demonstrating	7.9252
terry	7.9229
seminary	7.9224
biographical	7.9220
assent	7.9206
solitude	7.9194
erroneous	7.9192
cp	7.9181
calvin	7.9172
kingdoms	7.9157
establishes	7.9149
throws	7.9148
keith	7.9142
insult	7.9121
mixtures	7.9110
prudence	7.9102
bitterness	7.9089
balancing	7.9077
coke	7.9075
humility	7.9068
lobe	7.9040
treats	7.9029
provoked	7.9028
supervisors	7.9020
cox	7.9014
patents	7.9014
folds	7.8990
eden	7.8976
suggestive	7.8965
bowel	7.8959
counterpart	7.8941
nietzsche	7.8935
viral	7.8914
robust	7.8906
eloquence	7.8902
purse	7.8889
mosaic	7.8853
ottoman	7.8831
volatile	7.8826
henderson	7.8822
intimately	7.8787
protocols	7.8787
willingly	7.8782
deficiencies	7.8747
toll	7.8737
astronomy	7.8732
cleaned	7.8730
hydraulic	7.8704
twist	7.8701
accountability	7.8643
openings	7.8642
chooses	7.8638
indicative	7.8617
betty	7.8610
melted	7.8580
aus	7.8572
paramount	7.8559
finer	7.8554
delegate	7.8544
damned	7.8541
rob	7.8515
blocking	7.8499
psalm	7.8493
exercising	7.8486
coincidence	7.8481
multiplication	7.8477
dallas	7.8473
flavor	7.8469
mythology	7.8458
credibility	7.8451
pillars	7.8450
markers	7.8432
pub	7.8427
richer	7.8386
enrolled	7.8371
preventive	7.8365
abused	7.8360
influencing	7.8337
ardent	7.8332
blend	7.8306
denver	7.8298
adjusting	7.8293
lily	7.8285
witch	7.8271
workshops	7.8269
impatient	7.8263
arthritis	7.8260
wellington	7.8259
nowadays	7.8243
authoritative	7.8231
ceremonial	7.8218
pouring	7.8209
maiden	7.8201
mantle	7.8194
tracing	7.8190
rationality	7.8190
refrain	7.8188
insofar	7.8163
germ	7.8151
benign	7.8142
expelled	7.8119
toys	7.8101
debris	7.8082
arches	7.8075
broadway	7.8069
wartime	7.8064
factual	7.8055
signifies	7.8006
notorious	7.7991
brook	7.7991
suffers	7.7971
parallels	7.7943
protests	7.7905
keeper	7.7902
awe	7.7890
telegram	7.7885
lf	7.7835
terminate	7.7805
advertisement	7.7798
maize	7.7792
chopped	7.7782
mon	7.7767
strife	7.7754
buck	7.7742
neighbour	7.7734
afghanistan	7.7726
barley	7.7709
coated	7.7708
licensing	7.7679
accorded	7.7668
examines	7.7627
amateur	7.7620
metres	7.7601
learns	7.7598
veteran	7.7584
divorced	7.7574
davies	7.7559
dot	7.7548
lid	7.7531
maxwell	7.7515
supplemented	7.7511
lifestyle	7.7479
overthrow	7.7473
missile	7.7460
wordsworth	7.7458
investor	7.7447
predominant	7.7438
apex	7.7387
drought	7.7383
emigration	7.7368
collapsed	7.7357
signing	7.7338
peking	7.7324
pact	7.7321
yang	7.7316
discouraged	7.7288
fruitful	7.7275
claude	7.7266
documentary	7.7266
ballot	7.7238
distribute	7.7224
embarrassment	7.7195
miniature	7.7192
portrayed	7.7183
genetics	7.7162
sounding	7.7133
peculiarly	7.7120
piston	7.7115
blamed	7.7106
apartments	7.7086
lebanon	7.7056
statues	7.7029
prominence	7.7017
radioactive	7.7004
disregard	7.6987
db	7.6979
grim	7.6967
intensely	7.6942
countess	7.6937
wastes	7.6927
premise	7.6924
socialists	7.6912
compel	7.6910
comprise	7.6899
pointer	7.6887
bile	7.6883
implements	7.6858
nutrient	7.6854
careless	7.6853
grammatical	7.6848
punjab	7.6843
turbulent	7.6842
victorious	7.6832
arid	7.6830
uneasy	7.6808
worm	7.6784
radar	7.6767
hearted	7.6758
negotiating	7.6739
burma	7.6724
gerald	7.6719
sands	7.6703
hiring	7.6694
ornaments	7.6619
licensed	7.6614
woven	7.6613
practicable	7.6599
combines	7.6595
amplifier	7.6588
reductions	7.6536
worms	7.6526
shine	7.6521
palestinian	7.6519
culturally	7.6512
morale	7.6503
penal	7.6439
dialect	7.6436
leslie	7.6421
stamped	7.6406
retarded	7.6397
verification	7.6393
pierce	7.6376
hen	7.6365
backing	7.6355
blues	7.6338
discarded	7.6327
han	7.6327
chapman	7.6281
delicious	7.6267
prognosis	7.6247
coats	7.6246
contractors	7.6239
isaiah	7.6233
brazilian	7.6222
isle	7.6218
injunction	7.6209
nonlinear	7.6181
replies	7.6175
disclosed	7.6167
telescope	7.6143
privy	7.6128
patrol	7.6127
lbs	7.6116
rotating	7.6116
hepatic	7.6111
hints	7.6101
irving	7.6080
hymn	7.6065
slain	7.6063
mouths	7.6052
exalted	7.6020
registers	7.6013
charleston	7.6005
frontiers	7.5989
funded	7.5983
tolerate	7.5972
sperm	7.5903
dispose	7.5888
steamer	7.5885
abandonment	7.5878
ventral	7.5846
attorneys	7.5821
parted	7.5812
propriety	7.5806
disagree	7.5800
brightness	7.5790
dewey	7.5771
suburban	7.5751
newer	7.5745
insane	7.5742
superstition	7.5725
norwegian	7.5717
recollection	7.5714
hears	7.5707
intra	7.5705
miami	7.5705
goat	7.5678
reactive	7.5678
chen	7.5670
nominated	7.5668
leipzig	7.5667
dip	7.5629
friedrich	7.5624
overwhelmed	7.5623
testify	7.5612
flank	7.5611
submarine	7.5606
feminism	7.5600
dennis	7.5570
swallow	7.5568
magnet	7.5563
banner	7.5544
canoe	7.5544
canterbury	7.5535
pools	7.5532
copying	7.5519
fa	7.5498
stationed	7.5484
tossed	7.5472
toy	7.5462
wa	7.5461
astonishing	7.5444
reich	7.5413
weeds	7.5408
timothy	7.5407
sensibility	7.5406
proposes	7.5400
morton	7.5399
traumatic	7.5395
coral	7.5394
deficits	7.5360
lesbian	7.5339
allowances	7.5313
descend	7.5312
fi	7.5302
heap	7.5301
sequential	7.5299
insists	7.5290
earnestly	7.5266
passim	7.5247
ga	7.5237
warner	7.5236
asylum	7.5210
purification	7.5209
thereto	7.5175
penetrating	7.5164
opium	7.5154
naive	7.5153
hats	7.5141
minneapolis	7.5126
ethnicity	7.5116
poll	7.5109
affectionate	7.5098
inst	7.5096
nt	7.5094
nut	7.5092
faction	7.5090
liquids	7.5045
questionable	7.5011
jupiter	7.5001
solo	7.4999
clue	7.4998
partisan	7.4980
integrate	7.4944
migrants	7.4933
henri	7.4924
mucous	7.4912
aristocratic	7.4910
oblique	7.4892
pragmatic	7.4872
crane	7.4871
broker	7.4866
howe	7.4866
economist	7.4860
assay	7.4860
shout	7.4851
drilling	7.4827
flowering	7.4816
disputed	7.4806
ineffective	7.4782
pollen	7.4758
confederation	7.4749
climax	7.4734
ryan	7.4702
industrialization	7.4697
bliss	7.4676
aaron	7.4663
statistically	7.4648
pneumonia	7.4644
kick	7.4642
honestly	7.4600
consecutive	7.4551
supplier	7.4503
norfolk	7.4500
skeletal	7.4494
cl	7.4480
collectively	7.4478
abbot	7.4478
impress	7.4477
hare	7.4464
hispanic	7.4459
cough	7.4455
methyl	7.4442
whisper	7.4428
clara	7.4422
finances	7.4407
essex	7.4404
construed	7.4396
curiously	7.4391
sadness	7.4391
rhode	7.4373
cooperate	7.4361
swiftly	7.4324
familiarity	7.4318
grinding	7.4317
sinus	7.4313
durham	7.4271
garment	7.4266
mold	7.4245
stockholders	7.4240
atlas	7.4235
hello	7.4211
pistol	7.4201
mischief	7.4196
rounds	7.4183
financed	7.4180
timely	7.4179
malcolm	7.4165
connexion	7.4162
recipients	7.4151
enquiry	7.4138
dismissal	7.4121
progressively	7.4120
surveyed	7.4110
wiped	7.4108
terminals	7.4102
decidedly	7.4098
vermont	7.4084
warehouse	7.4063
unprecedented	7.4063
gloomy	7.4058
generalization	7.4056
jerome	7.4030
batch	7.4016
novelist	7.4011
symbolism	7.3994
pyramid	7.3968
gigantic	7.3964
messiah	7.3961
chips	7.3940
exotic	7.3924
realise	7.3923
burton	7.3918
warsaw	7.3886
cultivate	7.3883
spontaneously	7.3882
certification	7.3876
cortical	7.3870
polarization	7.3839
bombs	7.3824
everlasting	7.3815
amused	7.3815
nevada	7.3813
clement	7.3806
omission	7.3801
flowed	7.3785
proprietor	7.3763
diana	7.3751
pseudo	7.3723
containers	7.3723
prophetic	7.3712
sulfur	7.3711
designers	7.3706
rains	7.3684
ups	7.3663
repaired	7.3662
astonishment	7.3657
gazed	7.3654
procedural	7.3581
hague	7.3572
seals	7.3566
dominions	7.3565
purified	7.3563
armstrong	7.3561
loosely	7.3557
henceforth	7.3549
sulphate	7.3536
awakening	7.3520
lib	7.3508
intervening	7.3503
unrelated	7.3495
dumb	7.3494
ian	7.3484
violently	7.3456
hindus	7.3451
seminar	7.3443
resin	7.3439
telecommunications	7.3428
priori	7.3418
credited	7.3410
encyclopedia	7.3405
eventual	7.3399
evaluations	7.3398
calories	7.3394
modernity	7.3374
vivo	7.3352
reside	7.3336
boot	7.3316
brotherhood	7.3311
genera	7.3292
massacre	7.3268
predecessor	7.3259
smiles	7.3256
unsatisfactory	7.3234
dwellings	7.3233
cylindrical	7.3220
manor	7.3173
rushing	7.3172
medications	7.3153
bushes	7.3145
dec	7.3141
digging	7.3121
offender	7.3110
stevenson	7.3091
discontent	7.3080
weaving	7.3079
noteworthy	7.3078
affective	7.3072
periodically	7.3061
ironically	7.3039
fills	7.2996
murmured	7.2995
serpent	7.2990
prototype	7.2979
dei	7.2957
chester	7.2956
tertiary	7.2940
centralized	7.2925
manila	7.2915
inscribed	7.2903
fulfil	7.2890
socioeconomic	7.2878
institutes	7.2863
delivering	7.2850
incision	7.2837
aerial	7.2825
undergone	7.2818
bourgeoisie	7.2816
disgust	7.2804
conrad	7.2795
nova	7.2792
deductions	7.2783
irrational	7.2774
epithelium	7.2720
barnes	7.2713
orbital	7.2704
critically	7.2662
homosexual	7.2647
ag	7.2639
var	7.2632
ambitions	7.2630
backwards	7.2628
hairs	7.2627
rubbed	7.2619
heal	7.2599
hannah	7.2597
salad	7.2590
sectional	7.2533
dial	7.2517
methodological	7.2506
hemorrhage	7.2505
victories	7.2500
foe	7.2493
rivals	7.2487
activists	7.2473
sensor	7.2458
ounces	7.2458
supp	7.2455
lenses	7.2455
vendor	7.2454
adherence	7.2453
liberated	7.2439
stat	7.2400
shillings	7.2395
tending	7.2394
differentiate	7.2381
pumps	7.2361
poultry	7.2352
implicitly	7.2329
classics	7.2322
disgrace	7.2308
disturb	7.2279
indefinite	7.2272
infer	7.2266
harmonic	7.2242
vs	7.2242
montana	7.2222
reconcile	7.2218
neatly	7.2209
modem	7.2195
anesthesia	7.2193
verified	7.2173
michel	7.2158
marxism	7.2155
baseline	7.2150
necessities	7.2150
stark	7.2130
republics	7.2122
endured	7.2118
pilots	7.2115
metric	7.2110
apollo	7.2106
builders	7.2099
tray	7.2098
schematic	7.2092
leagues	7.2087
employs	7.2071
toilet	7.2062
generates	7.2057
puzzled	7.2014
refinement	7.1989
analysts	7.1988
gallant	7.1987
airplane	7.1985
novelty	7.1985
denounced	7.1956
weed	7.1922
internally	7.1911
ventures	7.1910
portal	7.1891
undergoing	7.1881
awaiting	7.1880
postal	7.1879
gloves	7.1849
lobby	7.1844
consume	7.1828
admiralty	7.1827
explosive	7.1819
humidity	7.1809
materially	7.1765
distinguishes	7.1752
wandered	7.1745
decimal	7.1732
clarendon	7.1723
enriched	7.1712
databases	7.1707
nathan	7.1707
oscar	7.1699
distrust	7.1692
inorganic	7.1682
invoked	7.1681
palms	7.1624
linguistics	7.1607
ventured	7.1596
alliances	7.1570
unfamiliar	7.1564
gown	7.1542
bei	7.1540
procured	7.1538
belgian	7.1537
splitting	7.1517
ante	7.1507
shattered	7.1506
ceases	7.1506
dysfunction	7.1487
expended	7.1485
deferred	7.1484
affirm	7.1463
trench	7.1458
slid	7.1428
mound	7.1428
craig	7.1399
candles	7.1391
aspiration	7.1376
transitional	7.1375
mobilization	7.1350
charcoal	7.1334
steering	7.1331
stare	7.1325
icon	7.1311
applause	7.1303
grandeur	7.1294
constructions	7.1288
restrained	7.1267
heath	7.1261
sworn	7.1255
pork	7.1241
advisers	7.1240
deceived	7.1221
offended	7.1220
pulses	7.1215
silica	7.1208
thine	7.1204
electrodes	7.1203
ottawa	7.1186
grandson	7.1176
clothed	7.1152
felix	7.1148
projecting	7.1129
modernization	7.1122
stockholm	7.1093
ornament	7.1083
overt	7.1076
capsule	7.1052
flags	7.1049
berry	7.1047
terribly	7.1041
backgrounds	7.1034
keyboard	7.1027
coordinated	7.1024
whale	7.1020
averaged	7.1017
evenings	7.1010
intervene	7.0974
bricks	7.0970
grievances	7.0959
cab	7.0948
cracks	7.0937
confusing	7.0934
fringe	7.0933
ibn	7.0921
youths	7.0909
herbs	7.0902
captive	7.0893
byzantine	7.0891
hostilities	7.0876
fertilizer	7.0873
monte	7.0872
lays	7.0871
transforming	7.0859
unclear	7.0858
facilitated	7.0856
overlapping	7.0855
darker	7.0850
stature	7.0821
intelligible	7.0819
saudi	7.0807
modulation	7.0803
periodicals	7.0802
czech	7.0779
crow	7.0757
suburbs	7.0753
bored	7.0749
unlawful	7.0738
exported	7.0724
excellency	7.0717
innate	7.0717
hardness	7.0711
tor	7.0707
adviser	7.0694
swollen	7.0688
periodical	7.0660
mingled	7.0659
defiance	7.0653
template	7.0651
balloon	7.0648
mesh	7.0647
judiciary	7.0644
encourages	7.0624
satisfactorily	7.0613
textbooks	7.0608
retains	7.0579
chronological	7.0561
devoid	7.0559
penetrated	7.0551
dilute	7.0535
admitting	7.0533
triangular	7.0515
deprivation	7.0494
apology	7.0489
relational	7.0485
tu	7.0479
salisbury	7.0453
anguish	7.0443
illustrious	7.0430
tricks	7.0428
disguise	7.0425
baltic	7.0406
sells	7.0394
reckoned	7.0388
rt	7.0363
commonplace	7.0345
constitutions	7.0329
slides	7.0322
terrestrial	7.0318
prisons	7.0315
advertisements	7.0314
fairness	7.0303
gut	7.0300
biochemical	7.0289
casualties	7.0281
undergraduate	7.0271
francs	7.0271
heterogeneous	7.0270
doomed	7.0242
pioneers	7.0221
karen	7.0220
vatican	7.0218
pensions	7.0214
lipid	7.0160
lag	7.0158
highways	7.0151
mould	7.0147
tongues	7.0144
ridges	7.0128
transcription	7.0118
closet	7.0117
dismiss	7.0117
stealing	7.0115
spectators	7.0114
cherry	7.0094
courtyard	7.0072
ashore	7.0063
interrupt	7.0057
fishermen	7.0031
amy	7.0026
beijing	7.0026
tentative	7.0019
corpse	7.0012
incidental	7.0009
determinants	7.0005
mole	7.0003
scarcity	6.9975
sudan	6.9963
vowel	6.9963
deception	6.9951
festivals	6.9950
avec	6.9927
extensions	6.9908
footing	6.9878
gossip	6.9866
troublesome	6.9865
bulb	6.9858
antique	6.9851
ballet	6.9848
pants	6.9843
pad	6.9819
sentimental	6.9803
sanitary	6.9783
restructuring	6.9760
ordination	6.9753
rhine	6.9742
endurance	6.9733
uterine	6.9727
exhaustion	6.9723
bradley	6.9718
congo	6.9718
schizophrenia	6.9709
dissatisfaction	6.9705
highlight	6.9702
iodine	6.9696
owns	6.9691
glowing	6.9685
strained	6.9682
snapped	6.9665
subdivision	6.9657
needless	6.9641
einstein	6.9635
colombia	6.9625
setup	6.9621
lust	6.9612
responds	6.9601
stepping	6.9599
medicines	6.9595
consultants	6.9585
erection	6.9578
mol	6.9576
cardiovascular	6.9575
interruption	6.9570
switched	6.9536
imminent	6.9528
dealings	6.9507
examiner	6.9500
dave	6.9500
burdens	6.9486
professed	6.9483
waking	6.9481
bubble	6.9481
formulate	6.9476
constable	6.9476
blades	6.9475
cartilage	6.9443
specialization	6.9440
lace	6.9425
invaluable	6.9416
entrepreneurs	6.9402
grasped	6.9399
rivalry	6.9399
harmless	6.9398
velocities	6.9389
acetate	6.9389
contended	6.9384
bi	6.9370
enlisted	6.9367
rejecting	6.9335
ideally	6.9328
heathen	6.9323
disruption	6.9316
terrorist	6.9314
janet	6.9291
calf	6.9290
researches	6.9281
sunny	6.9280
peel	6.9278
degeneration	6.9271
enhancement	6.9266
unworthy	6.9254
peril	6.9252
portable	6.9240
permissible	6.9234
articulate	6.9227
practicing	6.9214
mortar	6.9189
potter	6.9169
myocardial	6.9150
freeze	6.9139
learner	6.9113
impossibility	6.9112
disciple	6.9090
hoover	6.9087
stein	6.9082
births	6.9067
accomplishments	6.9065
cloak	6.9047
shone	6.9042
fletcher	6.9022
designate	6.9019
continuance	6.9011
boil	6.8991
disappears	6.8985
spy	6.8969
morocco	6.8957
enactment	6.8951
dosage	6.8933
exceptionally	6.8928
repentance	6.8922
tc	6.8920
outputs	6.8908
appropriated	6.8905
acknowledgment	6.8875
presume	6.8856
expiration	6.8837
climatic	6.8827
sailor	6.8822
enclosure	6.8817
cia	6.8809
chlorine	6.8800
businessmen	6.8792
odor	6.8790
aperture	6.8783
handles	6.8775
whip	6.8769
wilhelm	6.8753
gum	6.8748
sentenced	6.8746
delete	6.8740
idealism	6.8733
graft	6.8725
founders	6.8718
flint	6.8717
robe	6.8709
converting	6.8701
ionic	6.8683
jumping	6.8668
scored	6.8653
inventions	6.8638
intuitive	6.8633
pilgrimage	6.8616
smoothly	6.8576
inmates	6.8567
residues	6.8564
venerable	6.8561
jr	6.8555
bud	6.8551
genuinely	6.8545
catalyst	6.8540
benevolent	6.8528
sicily	6.8526
winner	6.8519
yourselves	6.8512
baking	6.8509
optimistic	6.8485
jake	6.8473
dreaming	6.8469
illuminated	6.8469
entertaining	6.8446
bombing	6.8429
pelvic	6.8422
mutation	6.8416
schmidt	6.8414
echoes	6.8413
hind	6.8406
strokes	6.8404
fighter	6.8389
attributable	6.8382
condemn	6.8369
franco	6.8355
flights	6.8326
labours	6.8307
excite	6.8305
weeping	6.8301
pillow	6.8289
scent	6.8283
drowned	6.8268
meadow	6.8268
selections	6.8261
highlands	6.8250
linkage	6.8247
randolph	6.8229
echoed	6.8210
calmly	6.8210
hastened	6.8185
manhattan	6.8180
ammonium	6.8179
judith	6.8144
sac	6.8140
electromagnetic	6.8140
distilled	6.8137
danced	6.8130
graphs	6.8117
confinement	6.8096
temperate	6.8094
bolt	6.8078
colonization	6.8045
philippine	6.8042
textual	6.8038
asthma	6.8038
ranked	6.8038
acoustic	6.8034
monkeys	6.8028
pleaded	6.8016
allan	6.8007
pursuits	6.7988
syllable	6.7986
librarian	6.7986
violate	6.7985
thereupon	6.7983
patrons	6.7971
globalization	6.7957
harriet	6.7947
rider	6.7940
halfway	6.7937
inlet	6.7936
tents	6.7915
contour	6.7908
tolerated	6.7905
imitate	6.7899
font	6.7899
banker	6.7882
wisely	6.7876
dozens	6.7871
compares	6.7870
fo	6.7856
endeavoured	6.7854
rochester	6.7853
habitual	6.7838
eloquent	6.7838
articulated	6.7832
cherished	6.7803
dotted	6.7794
coffin	6.7778
escort	6.7778
fragile	6.7774
civilisation	6.7766
elevator	6.7760
modelling	6.7759
owes	6.7741
bonding	6.7722
startling	6.7715
surgeons	6.7696
conveniently	6.7694
rash	6.7694
mc	6.7677
individualism	6.7661
anemia	6.7637
cigarettes	6.7633
sewage	6.7623
toil	6.7611
egyptians	6.7604
madam	6.7601
ensuing	6.7591
blockade	6.7580
abc	6.7573
cite	6.7536
testified	6.7518
forgetting	6.7501
psychoanalysis	6.7493
catheter	6.7492
listener	6.7471
ns	6.7467
socialization	6.7455
wagons	6.7447
relying	6.7445
parcel	6.7437
skirt	6.7437
inertia	6.7420
pigment	6.7418
sql	6.7417
optimization	6.7415
piles	6.7410
recorder	6.7408
disciplinary	6.7383
manuel	6.7323
impedance	6.7319
inspire	6.7304
conquer	6.7302
intensified	6.7300
ham	6.7291
artifacts	6.7258
luis	6.7241
embracing	6.7221
predicate	6.7218
mirrors	6.7207
occurrences	6.7204
printers	6.7203
susceptibility	6.7203
boring	6.7182
budgets	6.7168
secrecy	6.7153
targeted	6.7151
waving	6.7132
mutations	6.7120
evenly	6.7112
fulfilling	6.7101
inviting	6.7090
ditch	6.7083
worthwhile	6.7059
hastings	6.7031
articulation	6.7025
indulgence	6.7023
integrating	6.7006
brunswick	6.7001
knot	6.6990
benefited	6.6970
statesmen	6.6964
bonus	6.6962
woke	6.6955
interestingly	6.6951
precipitated	6.6951
obeyed	6.6950
vibrations	6.6944
website	6.6933
noisy	6.6919
cock	6.6905
descartes	6.6902
alphabet	6.6902
cecil	6.6898
dresses	6.6883
conclusive	6.6873
perish	6.6872
updated	6.6871
fortified	6.6866
fiery	6.6865
upheld	6.6839
preparatory	6.6830
elites	6.6827
puritan	6.6808
intravenous	6.6803
boldly	6.6789
derivation	6.6773
frog	6.6770
prague	6.6767
appl	6.6714
rite	6.6704
coherence	6.6703
reprint	6.6703
featured	6.6701
manhood	6.6701
riot	6.6701
contrasting	6.6700
ja	6.6697
societal	6.6692
footsteps	6.6688
excel	6.6654
baptized	6.6653
ox	6.6640
likeness	6.6632
muttered	6.6624
baths	6.6619
jour	6.6618
spirituality	6.6613
saline	6.6592
wines	6.6580
torah	6.6566
summons	6.6560
fbi	6.6548
epistle	6.6540
connective	6.6531
extremities	6.6530
intricate	6.6529
rejoice	6.6519
abrupt	6.6517
mystic	6.6511
bury	6.6506
diminishing	6.6504
clad	6.6498
newborn	6.6484
slice	6.6484
royalty	6.6464
compartment	6.6451
circulated	6.6447
imposition	6.6447
plunged	6.6435
gladstone	6.6429
drums	6.6427
footnote	6.6404
histoire	6.6402
infusion	6.6380
diagnosed	6.6370
northwestern	6.6350
hamburg	6.6335
repeal	6.6335
sulfate	6.6309
repose	6.6296
proprietors	6.6282
periphery	6.6267
gibson	6.6266
consolation	6.6260
enjoys	6.6247
barrels	6.6244
meaningless	6.6243
velvet	6.6238
densities	6.6236
irrespective	6.6220
ya	6.6218
divides	6.6200
unconsciously	6.6192
experimentation	6.6186
riots	6.6186
allah	6.6180
subsidy	6.6173
bearings	6.6169
czechoslovakia	6.6167
eminence	6.6165
devise	6.6164
ancestor	6.6159
honors	6.6152
ie	6.6150
beneficiary	6.6149
maya	6.6146
ant	6.6136
boarding	6.6136
pins	6.6124
epithelial	6.6102
teaspoon	6.6093
parsons	6.6090
understandable	6.6085
amazed	6.6081
tire	6.6078
loneliness	6.6068
cruise	6.6064
killer	6.6064
satire	6.6058
eleanor	6.6044
preachers	6.6033
marion	6.6015
rabbits	6.6014
undue	6.6013
pearson	6.5995
unnatural	6.5988
shalt	6.5984
analysed	6.5983
chang	6.5969
accumulate	6.5953
basil	6.5945
garage	6.5941
reef	6.5925
presses	6.5909
rd	6.5906
empress	6.5893
confer	6.5886
queer	6.5880
beats	6.5874
davidson	6.5853
optimism	6.5852
displaying	6.5843
jason	6.5834
troop	6.5830
replication	6.5829
taxed	6.5822
klein	6.5821
shit	6.5785
exam	6.5780
evoked	6.5775
factions	6.5772
restoring	6.5756
cork	6.5727
pulpit	6.5714
reflective	6.5700
pituitary	6.5700
uranium	6.5699
averages	6.5679
condensed	6.5679
fungi	6.5660
remembrance	6.5659
preferably	6.5650
scheduling	6.5644
loops	6.5636
hymns	6.5623
defenses	6.5612
bachelor	6.5610
traded	6.5610
iris	6.5609
folklore	6.5599
sellers	6.5590
specialty	6.5588
gladly	6.5553
contributors	6.5549
gardner	6.5530
ng	6.5524
expects	6.5510
crawford	6.5507
auditor	6.5499
contingency	6.5487
reg	6.5484
disclose	6.5472
cousins	6.5459
conceded	6.5456
regent	6.5440
lancaster	6.5438
motif	6.5428
violin	6.5425
heel	6.5416
curtis	6.5395
coleridge	6.5389
instructive	6.5385
chalk	6.5369
franz	6.5347
cancel	6.5340
sway	6.5316
ounce	6.5304
variants	6.5286
resign	6.5284
observable	6.5283
policeman	6.5274
wm	6.5215
sont	6.5203
adsorption	6.5197
tactical	6.5192
permeability	6.5183
separates	6.5160
captains	6.5159
cyclic	6.5137
cameras	6.5131
gonna	6.5112
democrat	6.5104
curtains	6.5097
emphasizing	6.5076
missiles	6.5075
thief	6.5073
announce	6.5061
predictable	6.5056
superb	6.5053
utilizing	6.5047
assemble	6.5022
dictatorship	6.5019
detention	6.5004
secretaries	6.5002
brace	6.4995
din	6.4982
webb	6.4977
recurrence	6.4976
builder	6.4973
locks	6.4967
comp	6.4960
antibiotics	6.4955
schema	6.4940
distributing	6.4938
roofs	6.4909
ses	6.4908
antenna	6.4894
indictment	6.4875
screaming	6.4856
roar	6.4845
creep	6.4829
tariffs	6.4827
giovanni	6.4819
vine	6.4811
cunning	6.4788
doe	6.4787
alluded	6.4776
feather	6.4767
decrees	6.4765
mn	6.4756
dale	6.4738
safer	6.4735
insanity	6.4726
catholicism	6.4714
constituting	6.4713
nd	6.4703
savages	6.4692
investing	6.4688
allusion	6.4685
recruited	6.4650
sustaining	6.4644
hawk	6.4631
blunt	6.4600
swell	6.4595
gen	6.4582
maximize	6.4547
adhere	6.4544
candy	6.4539
validation	6.4502
lazy	6.4490
plaza	6.4481
ultra	6.4462
baggage	6.4460
incoming	6.4457
masonry	6.4456
pavement	6.4434
ceramic	6.4432
onwards	6.4418
spear	6.4412
steven	6.4403
pitched	6.4402
houghton	6.4400
travelers	6.4384
ribbon	6.4380
borough	6.4378
blindness	6.4375
instruct	6.4362
venezuela	6.4348
wears	6.4338
scoring	6.4335
graduation	6.4332
musician	6.4301
diagonal	6.4298
dash	6.4294
negatively	6.4292
refugee	6.4278
lang	6.4278
reid	6.4275
intermittent	6.4274
lucas	6.4267
englishmen	6.4261
compose	6.4248
investigator	6.4244
observance	6.4241
starvation	6.4238
cues	6.4222
commercially	6.4212
interfaces	6.4210
penn	6.4208
symmetrical	6.4192
boulder	6.4179
advocacy	6.4176
resembled	6.4175
discern	6.4175
homeland	6.4174
arranging	6.4142
strauss	6.4141
trim	6.4131
sewing	6.4126
assisting	6.4105
evolving	6.4105
quoting	6.4093
pillar	6.4088
breathed	6.4069
abu	6.4048
intentional	6.4040
planners	6.4036
coincide	6.4030
catastrophe	6.4026
confine	6.4006
specifies	6.4001
gospels	6.3994
dispatch	6.3986
stabilization	6.3981
supposition	6.3978
andre	6.3977
relies	6.3965
curvature	6.3955
stays	6.3929
configurations	6.3914
gloom	6.3914
vulnerability	6.3897
tar	6.3885
flap	6.3884
chill	6.3864
vigor	6.3854
depletion	6.3848
enrollment	6.3844
ringing	6.3834
computational	6.3810
fetus	6.3799
puzzle	6.3796
cruz	6.3795
sour	6.3781
thither	6.3762
doll	6.3758
automated	6.3753
medal	6.3736
impetus	6.3734
herman	6.3734
highlights	6.3732
rosa	6.3722
ivan	6.3711
tuition	6.3693
rifles	6.3691
goats	6.3672
crusade	6.3671
committing	6.3657
insurrection	6.3656
tombs	6.3656
kidneys	6.3638
guild	6.3635
petitions	6.3611
extravagant	6.3608
hardened	6.3606
lisa	6.3601
conceivable	6.3584
tens	6.3578
unacceptable	6.3571
lump	6.3552
guessed	6.3539
indexes	6.3537
snakes	6.3531
memoir	6.3525
irradiation	6.3523
album	6.3518
desirous	6.3511
hedge	6.3509
chord	6.3504
eastward	6.3502
straits	6.3499
harmonious	6.3494
restrain	6.3494
ana	6.3487
inverted	6.3482
sie	6.3476
clues	6.3467
pilgrims	6.3457
html	6.3450
swinging	6.3449
unification	6.3442
singers	6.3420
watts	6.3413
sara	6.3404
elaborated	6.3369
blair	6.3347
censorship	6.3309
chimney	6.3306
confirms	6.3301
cables	6.3289
tore	6.3273
miraculous	6.3257
collaborative	6.3252
contaminated	6.3246
ghosts	6.3245
remembers	6.3241
petitioner	6.3240
ingenuity	6.3210
drawer	6.3209
nausea	6.3205
terrified	6.3200
hits	6.3192
manure	6.3192
stricken	6.3182
pits	6.3170
inhibit	6.3170
whig	6.3162
anthropological	6.3161
concurrent	6.3159
caps	6.3155
jokes	6.3109
nouns	6.3107
tablets	6.3082
oracle	6.3076
assassination	6.3065
spleen	6.3051
garlic	6.3051
obsolete	6.3048
flourished	6.3047
involuntary	6.3046
heightened	6.3026
recreational	6.2997
dissent	6.2988
orient	6.2960
greeting	6.2932
convex	6.2905
crafts	6.2894
builds	6.2892
xxi	6.2882
durable	6.2879
municipality	6.2876
textiles	6.2868
asserting	6.2867
addison	6.2865
absorbing	6.2854
experimentally	6.2850
legislators	6.2845
saunders	6.2843
diamonds	6.2839
foam	6.2829
extant	6.2817
baked	6.2801
bandwidth	6.2798
anatomical	6.2786
rapidity	6.2783
cod	6.2780
fascist	6.2769
commence	6.2763
indefinitely	6.2759
sails	6.2755
carroll	6.2754
malaria	6.2753
fibrous	6.2746
francois	6.2737
ay	6.2720
cathode	6.2699
coasts	6.2696
slate	6.2695
tidal	6.2688
ordinances	6.2681
theologians	6.2679
morphological	6.2673
twilight	6.2650
behaved	6.2646
fist	6.2644
cs	6.2636
alkali	6.2633
joins	6.2629
evidenced	6.2629
signify	6.2625
irs	6.2613
grapes	6.2611
slab	6.2606
dignified	6.2595
jenny	6.2590
mais	6.2565
humiliation	6.2544
kicked	6.2540
cameron	6.2536
galleries	6.2536
caves	6.2528
commentators	6.2527
summarize	6.2527
vigour	6.2510
fulfilment	6.2507
tommy	6.2494
hugo	6.2493
edith	6.2490
boast	6.2481
akin	6.2479
athletes	6.2477
divers	6.2468
tory	6.2461
edema	6.2461
denies	6.2438
abode	6.2426
retina	6.2413
parting	6.2411
embarked	6.2394
castro	6.2388
dislocation	6.2374
polymers	6.2371
accessed	6.2350
meadows	6.2329
buchanan	6.2316
endorsed	6.2310
pumping	6.2287
contented	6.2285
believer	6.2280
simulated	6.2265
jung	6.2262
heresy	6.2260
frankfurt	6.2260
speedily	6.2242
tedious	6.2229
positioned	6.2227
diaphragm	6.2207
carbohydrate	6.2203
scorn	6.2201
subdued	6.2189
crews	6.2188
manifold	6.2187
stole	6.2154
springfield	6.2153
drastic	6.2146
ira	6.2140
vaginal	6.2135
sensing	6.2119
fearing	6.2116
authoritarian	6.2096
vapour	6.2094
exemplified	6.2083
thigh	6.2075
dancers	6.2064
tutor	6.2058
aortic	6.2055
trousers	6.2050
capitol	6.2035
richards	6.2029
illustrating	6.2026
framing	6.2016
unilateral	6.2015
halted	6.2009
unmarried	6.2006
duplicate	6.2002
futures	6.2000
adjective	6.1996
despised	6.1985
vertically	6.1981
ankle	6.1979
notification	6.1971
sensed	6.1967
swords	6.1958
excavation	6.1937
brake	6.1926
shelves	6.1917
rails	6.1906
analog	6.1903
favors	6.1892
listeners	6.1885
inversion	6.1881
fetch	6.1874
auction	6.1870
screens	6.1849
indo	6.1847
lien	6.1835
tensile	6.1829
lowell	6.1827
bulgaria	6.1827
undermine	6.1825
rented	6.1815
bathing	6.1785
hayes	6.1732
ligament	6.1730
lions	6.1719
cracked	6.1713
barber	6.1703
sanskrit	6.1703
rocket	6.1701
masks	6.1698
thereon	6.1693
labors	6.1660
merged	6.1654
surround	6.1653
guatemala	6.1652
infrared	6.1650
beneficiaries	6.1647
tendon	6.1643
posterity	6.1626
regularity	6.1625
whitman	6.1622
allotted	6.1615
hepatitis	6.1591
exertion	6.1588
educate	6.1584
humane	6.1582
expulsion	6.1581
legislatures	6.1570
whereupon	6.1558
diversion	6.1551
unexpectedly	6.1551
unanimous	6.1548
reproach	6.1544
demons	6.1538
collectors	6.1530
digestive	6.1509
converse	6.1507
plymouth	6.1484
unimportant	6.1478
sacrament	6.1443
constructs	6.1432
unseen	6.1428
complication	6.1427
lett	6.1416
welding	6.1406
monitored	6.1401
presentations	6.1398
levied	6.1373
strait	6.1369
grinned	6.1355
neighborhoods	6.1354
evolve	6.1350
releases	6.1331
ironic	6.1326
altering	6.1323
yelled	6.1320
intolerable	6.1311
morrison	6.1305
io	6.1304
irresistible	6.1288
swamp	6.1282
resided	6.1282
lutheran	6.1270
thoracic	6.1265
insoluble	6.1261
lapse	6.1254
rugged	6.1252
cong	6.1246
notre	6.1222
shareholder	6.1218
housed	6.1214
injurious	6.1200
comme	6.1199
ministerial	6.1198
discrepancy	6.1192
expeditions	6.1189
lodging	6.1177
jewels	6.1170
insulation	6.1162
stool	6.1158
maggie	6.1153
barred	6.1149
incorporating	6.1142
diffraction	6.1122
circumference	6.1114
afflicted	6.1109
adorned	6.1094
browning	6.1072
onward	6.1060
bryan	6.1051
diocese	6.1049
civilians	6.1048
aligned	6.1044
needles	6.1044
mast	6.1031
neutron	6.1024
antigens	6.1022
modules	6.1019
thanked	6.1006
viceroy	6.1002
northward	6.0980
reared	6.0974
knox	6.0970
summed	6.0964
excretion	6.0959
persuasive	6.0957
lin	6.0934
futile	6.0919
ceylon	6.0914
delinquency	6.0892
cessation	6.0874
calibration	6.0866
relay	6.0848
cheer	6.0846
sack	6.0839
homage	6.0839
forts	6.0836
gallons	6.0834
seizures	6.0823
faire	6.0818
warnings	6.0805
metropolis	6.0797
jesuits	6.0795
saul	6.0780
rainbow	6.0777
proletariat	6.0757
patriarchal	6.0740
commune	6.0717
staining	6.0717
wander	6.0711
damaging	6.0681
performers	6.0680
rand	6.0675
empowered	6.0675
beethoven	6.0660
manganese	6.0659
worthless	6.0652
tyler	6.0645
lecturer	6.0636
landlords	6.0626
constantine	6.0610
vous	6.0598
strands	6.0598
ethiopia	6.0594
clergyman	6.0586
asiatic	6.0583
apostolic	6.0580
admissions	6.0554
pleading	6.0520
oppressive	6.0499
bullets	6.0494
legion	6.0481
closes	6.0478
reluctantly	6.0473
vaccine	6.0471
await	6.0458
denoted	6.0444
lone	6.0439
shaded	6.0438
cleavage	6.0434
cedar	6.0425
bach	6.0423
stuffed	6.0418
barracks	6.0414
triumphant	6.0388
esteemed	6.0372
ascent	6.0361
headings	6.0356
filtered	6.0349
blankets	6.0343
glue	6.0335
sandwich	6.0327
affiliated	6.0311
jeff	6.0268
troy	6.0244
chronology	6.0238
peters	6.0211
watches	6.0202
shrubs	6.0184
landscapes	6.0180
steward	6.0180
fraternity	6.0177
richest	6.0175
onion	6.0169
financially	6.0163
ernst	6.0162
analyse	6.0160
andy	6.0154
pledged	6.0149
fluorescence	6.0130
inferences	6.0129
resorted	6.0128
quota	6.0128
accusation	6.0119
gazing	6.0090
jesse	6.0090
basketball	6.0089
tempered	6.0077
fines	6.0076
prosecutor	6.0069
explorer	6.0042
biochem	6.0040
downstream	6.0037
pradesh	6.0032
endowment	6.0031
elapsed	6.0014
rhodes	6.0000
adrenal	5.9998
resisting	5.9988
uncovered	5.9988
vernon	5.9974
situ	5.9959
shirts	5.9942
flush	5.9931
urgency	5.9927
horseback	5.9922
consented	5.9921
determinations	5.9919
randomly	5.9908
mme	5.9899
lodged	5.9899
ventricle	5.9894
originating	5.9892
fraser	5.9886
reasoned	5.9875
dearest	5.9870
gale	5.9863
pete	5.9853
haired	5.9837
auch	5.9831
capitalists	5.9822
robbery	5.9816
recession	5.9815
metaphors	5.9811
comfortably	5.9798
fabrics	5.9795
outsiders	5.9760
peculiarities	5.9754
aquatic	5.9746
fighters	5.9737
pervasive	5.9729
marvellous	5.9723
transplantation	5.9716
rhythmic	5.9715
richly	5.9703
folding	5.9699
salem	5.9699
trails	5.9698
citing	5.9696
patterson	5.9689
vices	5.9684
withstand	5.9668
downstairs	5.9668
wins	5.9666
agitated	5.9658
kashmir	5.9645
bucket	5.9623
torque	5.9601
talented	5.9599
declarations	5.9599
retardation	5.9593
thames	5.9591
seamen	5.9583
sind	5.9579
seriousness	5.9566
safeguard	5.9557
misunderstanding	5.9554
composers	5.9552
warming	5.9542
psychoanalytic	5.9531
stretches	5.9513
routing	5.9501
epa	5.9501
platinum	5.9487
skies	5.9477
drafted	5.9475
chemotherapy	5.9474
hips	5.9471
suspicions	5.9468
digit	5.9462
defenders	5.9441
entails	5.9440
reconciled	5.9437
renew	5.9423
axe	5.9405
newcastle	5.9395
crushing	5.9392
moderation	5.9383
penis	5.9375
resolving	5.9371
bidding	5.9368
recordings	5.9361
geoffrey	5.9358
awaited	5.9346
compensated	5.9346
satellites	5.9345
extinct	5.9340
arbor	5.9338
mccarthy	5.9336
militant	5.9322
escaping	5.9315
rapids	5.9303
exposing	5.9302
infra	5.9298
gastrointestinal	5.9288
flashed	5.9286
indulge	5.9281
piled	5.9271
wedge	5.9258
authenticity	5.9257
sofa	5.9245
probation	5.9241
cellulose	5.9236
switches	5.9219
attractions	5.9216
taxi	5.9193
ancestral	5.9173
impartial	5.9170
inherently	5.9163
carnegie	5.9157
rejects	5.9157
voltaire	5.9150
deflection	5.9136
scrap	5.9122
contrived	5.9104
postoperative	5.9099
positioning	5.9096
anomalies	5.9094
giants	5.9090
pamphlets	5.9077
beth	5.9069
fauna	5.9055
bamboo	5.9049
peterson	5.9023
appreciable	5.9021
regain	5.9010
floods	5.9004
relics	5.9000
veto	5.8981
ads	5.8980
gateway	5.8959
happier	5.8957
cultured	5.8932
shoots	5.8929
alley	5.8927
stamps	5.8902
erotic	5.8895
servers	5.8870
buenos	5.8864
screamed	5.8859
grin	5.8855
marketplace	5.8841
congestion	5.8816
reminder	5.8813
exodus	5.8807
dl	5.8794
clash	5.8786
recruiting	5.8779
substitutes	5.8766
bobby	5.8758
sd	5.8752
syphilis	5.8751
windsor	5.8746
demon	5.8741
authorization	5.8721
lymphocytes	5.8715
richness	5.8707
obtains	5.8707
proton	5.8704
malice	5.8697
oz	5.8683
hitting	5.8682
deprive	5.8681
percy	5.8681
adversary	5.8679
cautiously	5.8662
rf	5.8661
fuzzy	5.8657
porcelain	5.8647
haunted	5.8646
goodwill	5.8634
engraved	5.8634
salient	5.8629
crush	5.8624
homosexuality	5.8620
dove	5.8610
conjecture	5.8605
humanitarian	5.8602
coils	5.8593
prehistoric	5.8590
af	5.8582
xxii	5.8566
practise	5.8532
successively	5.8524
objectivity	5.8522
wheeler	5.8520
dire	5.8517
trader	5.8508
concentrating	5.8495
yorkshire	5.8491
menace	5.8484
moonlight	5.8465
garcia	5.8464
nazis	5.8456
fats	5.8453
airlines	5.8428
highness	5.8426
fischer	5.8423
southward	5.8413
aliens	5.8406
dispositions	5.8400
automobiles	5.8399
scratch	5.8389
sanctioned	5.8387
sine	5.8383
drifted	5.8369
spreads	5.8360
pe	5.8351
translator	5.8348
millennium	5.8347
coli	5.8344
psalms	5.8335
rack	5.8333
perished	5.8330
capitals	5.8328
fights	5.8320
virgil	5.8318
pictorial	5.8297
tile	5.8286
oecd	5.8283
kirk	5.8278
hail	5.8251
enhancing	5.8235
southwestern	5.8234
sixties	5.8231
cylinders	5.8224
improbable	5.8219
phoenix	5.8211
mackenzie	5.8211
impending	5.8196
affirmation	5.8195
renowned	5.8193
incubation	5.8190
solemnly	5.8189
solubility	5.8187
ka	5.8179
tomato	5.8176
attendants	5.8171
castes	5.8170
augmented	5.8153
isolate	5.8127
requesting	5.8122
staircase	5.8122
parasites	5.8113
snap	5.8108
contemplate	5.8102
feeds	5.8094
babylon	5.8088
mock	5.8083
clinically	5.8076
garbage	5.8068
vitamins	5.8051
materialism	5.8048
modifying	5.8041
vaguely	5.8037
ich	5.8034
scenarios	5.8029
comrade	5.8019
faulty	5.8017
promotes	5.8004
lynn	5.7996
biopsy	5.7995
classrooms	5.7986
holocaust	5.7985
packaging	5.7979
bp	5.7973
jaws	5.7962
kevin	5.7922
charms	5.7909
traps	5.7897
wreck	5.7890
priesthood	5.7882
beck	5.7881
complaining	5.7879
uneven	5.7846
flourish	5.7845
spoon	5.7844
bicycle	5.7843
chickens	5.7841
hinder	5.7819
monastic	5.7813
elaboration	5.7805
hides	5.7765
repealed	5.7764
bien	5.7761
sheltered	5.7758
julie	5.7758
shortcomings	5.7758
dwelt	5.7733
lineage	5.7720
subordinates	5.7718
heartily	5.7715
addiction	5.7714
cumberland	5.7681
contractual	5.7679
prevails	5.7672
totals	5.7663
synagogue	5.7657
crept	5.7643
lexington	5.7634
sen	5.7633
hearth	5.7631
highlighted	5.7628
radiant	5.7613
cyprus	5.7612
hue	5.7598
gentry	5.7598
dots	5.7595
cette	5.7561
recovering	5.7545
originality	5.7544
temperance	5.7542
rector	5.7524
affiliation	5.7523
predicting	5.7516
reddish	5.7504
sights	5.7503
lieu	5.7499
honours	5.7487
destitute	5.7484
tout	5.7481
drake	5.7475
maxim	5.7455
fanny	5.7445
fermentation	5.7425
disguised	5.7419
levi	5.7418
acknowledgments	5.7411
photographer	5.7406
robbed	5.7392
coercion	5.7368
hardship	5.7368
protector	5.7363
canton	5.7333
sr	5.7331
kaiser	5.7311
ministries	5.7311
recipe	5.7305
deduced	5.7296
unfavorable	5.7295
monstrous	5.7295
annoyed	5.7289
cohesion	5.7283
condensation	5.7279
putnam	5.7272
knots	5.7270
champagne	5.7264
rubbing	5.7259
grasses	5.7255
fortnight	5.7254
glacial	5.7252
nets	5.7250
adherents	5.7246
stereotypes	5.7230
chat	5.7223
begging	5.7222
vastly	5.7219
orthodoxy	5.7214
carlo	5.7198
guru	5.7196
wrap	5.7194
butt	5.7180
fused	5.7177
appliances	5.7176
banquet	5.7171
disintegration	5.7170
therapists	5.7167
unrest	5.7165
confederacy	5.7163
inexpensive	5.7161
colin	5.7155
inhibited	5.7138
gratification	5.7125
emperors	5.7122
freshly	5.7116
sinners	5.7111
excavations	5.7108
accidentally	5.7105
todd	5.7075
mare	5.7072
ulcer	5.7066
originate	5.7056
martyr	5.7049
pharmaceutical	5.7049
kindred	5.7044
stubborn	5.7012
mentioning	5.7012
milwaukee	5.7009
insisting	5.7006
flee	5.7004
releasing	5.6994
hz	5.6980
circus	5.6974
tackle	5.6971
outright	5.6957
spider	5.6935
microscopy	5.6935
murderer	5.6934
noah	5.6931
wade	5.6910
coded	5.6902
idaho	5.6901
recollections	5.6893
herds	5.6890
centred	5.6887
disasters	5.6881
classify	5.6864
nashville	5.6859
vocation	5.6852
poetical	5.6846
atp	5.6840
sects	5.6827
slot	5.6821
fry	5.6819
grab	5.6812
inspect	5.6802
algebra	5.6791
nests	5.6785
distressed	5.6783
rainy	5.6782
honoured	5.6782
conductors	5.6744
spirited	5.6743
facto	5.6741
amend	5.6731
luminous	5.6723
benevolence	5.6718
specifying	5.6714
synod	5.6712
prostitution	5.6705
animation	5.6705
geometrical	5.6705
overcoming	5.6676
transferring	5.6674
venetian	5.6657
worcester	5.6642
nicaragua	5.6641
peasantry	5.6636
pathetic	5.6630
rebecca	5.6624
shipment	5.6622
bondage	5.6621
celtic	5.6610
evidences	5.6609
debated	5.6594
blackwell	5.6587
roller	5.6571
preoccupation	5.6564
handy	5.6563
landowners	5.6536
cites	5.6533
cocaine	5.6524
offshore	5.6520
scaling	5.6515
excepting	5.6498
fantasies	5.6498
hopeful	5.6497
consecrated	5.6476
memo	5.6467
incarnation	5.6465
yarn	5.6448
spaced	5.6437
disciplined	5.6424
oceans	5.6402
vie	5.6398
controversies	5.6395
facade	5.6383
philosophic	5.6377
judah	5.6374
inhibitors	5.6374
patiently	5.6374
hale	5.6371
localization	5.6365
semantics	5.6363
beheld	5.6362
notebook	5.6352
entropy	5.6327
birch	5.6327
wi	5.6320
esther	5.6314
kilometers	5.6313
alcoholism	5.6311
bony	5.6307
lu	5.6304
viewer	5.6300
sol	5.6299
unfinished	5.6290
routinely	5.6289
trenches	5.6275
syllables	5.6272
rumors	5.6258
fuels	5.6258
oi	5.6256
sans	5.6256
goose	5.6255
residing	5.6255
searches	5.6254
winchester	5.6245
dilution	5.6240
prizes	5.6236
vancouver	5.6235
marines	5.6228
formats	5.6220
visibility	5.6201
intrusion	5.6196
anarchy	5.6191
harassment	5.6175
scream	5.6173
raids	5.6162
peptide	5.6161
remnants	5.6154
vent	5.6149
deities	5.6133
trunks	5.6127
typing	5.6123
reacted	5.6121
tails	5.6116
aggregation	5.6115
lasts	5.6114
dissociation	5.6096
aluminium	5.6092
sponsor	5.6088
volts	5.6086
appropriations	5.6077
enormously	5.6074
exploded	5.6074
meta	5.6073
amounting	5.6070
jesuit	5.6067
instructors	5.6058
hasty	5.6047
alps	5.5999
simulations	5.5978
hearty	5.5953
necrosis	5.5922
groove	5.5914
guitar	5.5912
chaucer	5.5911
abide	5.5907
infinity	5.5902
sed	5.5895
spur	5.5890
illusions	5.5881
lyons	5.5879
workings	5.5870
diligence	5.5859
dragging	5.5858
annexed	5.5857
developers	5.5856
xml	5.5842
delicacy	5.5832
malay	5.5830
inactive	5.5820
tenor	5.5817
iso	5.5813
xxiii	5.5812
eccentric	5.5793
rally	5.5791
reminiscent	5.5791
siblings	5.5788
actress	5.5768
partnerships	5.5765
wu	5.5753
connects	5.5740
tt	5.5733
huts	5.5728
coleman	5.5705
signified	5.5696
buses	5.5693
emitted	5.5693
iranian	5.5686
poisonous	5.5661
heretofore	5.5655
contested	5.5647
matrices	5.5646
marrying	5.5637
tablespoons	5.5623
firstly	5.5616
procurement	5.5611
diluted	5.5588
liking	5.5588
isles	5.5584
etiology	5.5581
transparency	5.5580
homeless	5.5578
selves	5.5577
sorting	5.5576
casts	5.5560
turbine	5.5547
tavern	5.5546
bundles	5.5544
bonaparte	5.5542
ghana	5.5542
palaces	5.5539
inequalities	5.5537
slices	5.5527
syrian	5.5508
abscess	5.5506
narrowly	5.5502
concerts	5.5498
agnes	5.5484
automation	5.5483
pike	5.5476
tapes	5.5472
secretariat	5.5466
sleeve	5.5460
nepal	5.5456
pier	5.5455
heidegger	5.5450
multiplicity	5.5449
polity	5.5440
ropes	5.5439
principals	5.5434
thirties	5.5418
incumbent	5.5413
pore	5.5408
salvador	5.5396
highland	5.5371
proudly	5.5347
ic	5.5332
roland	5.5330
bloc	5.5329
nitric	5.5326
nightmare	5.5326
assertions	5.5323
flourishing	5.5307
copenhagen	5.5304
bv	5.5303
divergence	5.5294
alternately	5.5288
transcendental	5.5287
rhythms	5.5287
yoga	5.5283
jeremiah	5.5269
hatch	5.5266
pictured	5.5261
supervised	5.5260
narrower	5.5239
easiest	5.5237
plentiful	5.5224
characterised	5.5220
executing	5.5199
forbid	5.5194
thermometer	5.5190
directs	5.5188
ridicule	5.5187
humorous	5.5170
omit	5.5158
precepts	5.5151
commandments	5.5130
pelvis	5.5121
illustrative	5.5117
microwave	5.5110
negation	5.5097
administering	5.5091
utterances	5.5088
degraded	5.5078
parte	5.5074
sprung	5.5067
flask	5.5066
oft	5.5060
dusty	5.5057
knives	5.5043
rearing	5.5033
harcourt	5.5032
robes	5.5030
calculus	5.5028
ces	5.5024
protects	5.5022
foucault	5.5022
stipulated	5.5020
impatience	5.5019
parity	5.5010
cas	5.5003
lance	5.5000
unaffected	5.5000
robot	5.4998
captivity	5.4998
lexical	5.4997
tibet	5.4984
yoke	5.4966
mosque	5.4963
detained	5.4958
clifford	5.4958
externally	5.4952
composing	5.4949
paved	5.4945
improves	5.4918
hy	5.4912
devastating	5.4901
dissatisfied	5.4897
willie	5.4891
laundry	5.4867
dm	5.4863
bedford	5.4854
prefers	5.4850
yen	5.4850
queries	5.4847
tolerant	5.4846
mall	5.4843
disagreeable	5.4842
katherine	5.4842
deployment	5.4812
squeezed	5.4805
recalling	5.4791
inefficient	5.4787
declines	5.4777
eminently	5.4771
edn	5.4764
openness	5.4762
trumpet	5.4732
elliott	5.4730
inconvenience	5.4720
aesthetics	5.4707
fascism	5.4681
ge	5.4662
entre	5.4655
congregations	5.4653
removes	5.4652
cam	5.4639
voiced	5.4634
melville	5.4623
multinational	5.4616
monograph	5.4615
carlyle	5.4612
stratum	5.4601
sporting	5.4601
tumour	5.4599
impersonal	5.4586
brands	5.4579
clinics	5.4574
brandy	5.4554
whistle	5.4544
fullest	5.4539
poses	5.4530
progressed	5.4529
chaplain	5.4512
compilation	5.4509
bubbles	5.4506
intends	5.4501
thanksgiving	5.4499
shew	5.4496
paternal	5.4494
inspiring	5.4492
routines	5.4478
attaining	5.4477
adhesion	5.4470
santiago	5.4465
murmur	5.4464
informs	5.4457
plead	5.4452
clung	5.4443
spun	5.4437
mexicans	5.4434
anew	5.4428
twenties	5.4425
versailles	5.4414
amiable	5.4409
abstracts	5.4407
arabian	5.4401
recurring	5.4400
sinner	5.4396
modesty	5.4393
sown	5.4393
heroine	5.4390
patricia	5.4389
reckon	5.4351
notified	5.4346
anchored	5.4339
porous	5.4331
smoked	5.4330
classifications	5.4319
mcdonald	5.4309
humanities	5.4299
vault	5.4299
nehru	5.4282
foil	5.4278
precedence	5.4271
beaches	5.4266
ferguson	5.4265
wept	5.4259
monasteries	5.4258
cakes	5.4232
brahman	5.4230
essentials	5.4228
endangered	5.4228
jenkins	5.4217
flattened	5.4215
submerged	5.4203
populated	5.4202
legendary	5.4199
diarrhea	5.4199
maximal	5.4196
hyde	5.4190
email	5.4189
armour	5.4186
taxpayers	5.4172
enumerated	5.4171
jehovah	5.4161
contra	5.4142
forged	5.4128
intentionally	5.4119
healed	5.4116
discourage	5.4105
greed	5.4103
buds	5.4103
ratification	5.4099
powerless	5.4099
biased	5.4098
merge	5.4098
tl	5.4097
digits	5.4095
compliment	5.4082
donors	5.4054
hutchinson	5.4050
fascination	5.4046
jewelry	5.4025
totality	5.4016
wolves	5.3995
infiltration	5.3992
enlarge	5.3987
oo	5.3985
brushed	5.3983
attentive	5.3979
sheath	5.3977
bearer	5.3951
dementia	5.3943
obedient	5.3943
forbes	5.3934
fireplace	5.3910
excessively	5.3903
gr	5.3901
labelled	5.3900
uganda	5.3897
heed	5.3894
diminution	5.3889
tyrant	5.3889
hardships	5.3879
fried	5.3876
coll	5.3875
patriot	5.3875
thieves	5.3868
nach	5.3866
benedict	5.3865
resides	5.3864
backup	5.3860
basins	5.3860
voyages	5.3858
superiors	5.3847
fascinated	5.3829
forecasting	5.3827
dictate	5.3827
o'brien	5.3816
proprietary	5.3814
prescribe	5.3803
swan	5.3799
carotid	5.3798
prima	5.3793
unavoidable	5.3788
accusations	5.3769
canadians	5.3761
exponential	5.3733
nuisance	5.3731
theatres	5.3725
athenian	5.3692
technicians	5.3680
vera	5.3679
litter	5.3661
corporal	5.3651
belle	5.3641
pilgrim	5.3637
departmental	5.3621
console	5.3617
wards	5.3600
foreman	5.3594
indonesian	5.3586
subjectivity	5.3576
ants	5.3572
conqueror	5.3567
rescued	5.3560
ensemble	5.3550
workforce	5.3550
mead	5.3545
horrors	5.3543
multiplying	5.3541
gill	5.3541
expectancy	5.3527
municipalities	5.3525
prohibit	5.3523
sinful	5.3513
ambassadors	5.3513
molly	5.3509
proxy	5.3494
conscientious	5.3494
stiffness	5.3482
imf	5.3478
diets	5.3469
plight	5.3407
aversion	5.3399
eh	5.3392
roused	5.3390
fragmentation	5.3380
costumes	5.3377
gilt	5.3369
cellar	5.3362
slowed	5.3361
clip	5.3359
wasting	5.3349
joel	5.3331
registrar	5.3329
umbrella	5.3314
dogma	5.3313
orchard	5.3310
gould	5.3304
brackets	5.3299
tearing	5.3272
correctness	5.3270
syntactic	5.3270
expired	5.3266
baskets	5.3253
complexion	5.3242
fitzgerald	5.3235
commentaries	5.3231
rigidity	5.3209
bismarck	5.3202
mediaeval	5.3155
momentary	5.3135
archaic	5.3133
glacier	5.3126
glossary	5.3087
thirdly	5.3087
ethic	5.3060
vines	5.3055
astronomical	5.3055
journeys	5.3055
bolts	5.3051
alarming	5.3041
wholesome	5.3030
clarence	5.3029
deceive	5.3019
conveyance	5.3019
breeds	5.3016
fictional	5.2993
vagina	5.2988
elephants	5.2987
handkerchief	5.2986
browser	5.2965
fools	5.2965
chromatography	5.2963
cue	5.2961
epilepsy	5.2943
implying	5.2929
polls	5.2926
offenses	5.2922
planters	5.2921
constituency	5.2896
colonialism	5.2884
nasa	5.2884
wo	5.2877
eruption	5.2874
shale	5.2864
algae	5.2862
immersed	5.2851
slim	5.2851
pueblo	5.2850
foreword	5.2847
sweetness	5.2846
hopefully	5.2842
cursed	5.2839
provoke	5.2820
tamil	5.2816
friedman	5.2794
elegance	5.2784
womb	5.2774
censure	5.2761
abundantly	5.2756
guardians	5.2753
flushed	5.2751
engagements	5.2740
perennial	5.2738
vividly	5.2733
electors	5.2726
ev	5.2726
dew	5.2725
ionization	5.2724
weaken	5.2708
ensures	5.2707
acknowledging	5.2703
jeffrey	5.2702
powered	5.2696
variously	5.2694
supplements	5.2688
exhaustive	5.2674
frowned	5.2674
zoning	5.2661
ozone	5.2654
cracking	5.2650
wizard	5.2648
overlook	5.2644
voter	5.2643
ornamental	5.2641
password	5.2638
pretext	5.2637
mp	5.2633
armor	5.2630
rot	5.2618
cans	5.2617
reckless	5.2599
premiums	5.2596
atrophy	5.2589
perceiving	5.2586
unquestionably	5.2584
warmly	5.2583
arouse	5.2582
topography	5.2574
schwartz	5.2573
opaque	5.2563
fir	5.2562
molar	5.2554
speedy	5.2547
unanimously	5.2535
curb	5.2534
diseased	5.2530
recommends	5.2527
instantaneous	5.2524
trademark	5.2522
lumbar	5.2510
punishments	5.2509
cholera	5.2508
compounded	5.2498
modeled	5.2498
lancet	5.2490
semiconductor	5.2489
tomatoes	5.2487
ethanol	5.2483
importation	5.2476
longed	5.2471
livelihood	5.2454
appellate	5.2450
upstream	5.2449
peas	5.2444
regretted	5.2417
thankful	5.2417
ancients	5.2417
widening	5.2406
archive	5.2400
mucosa	5.2396
vernacular	5.2385
sap	5.2380
obesity	5.2376
assigning	5.2367
installations	5.2365
feasibility	5.2358
flocks	5.2343
synonymous	5.2338
speculations	5.2335
outlets	5.2327
postponed	5.2309
manipulate	5.2306
ratified	5.2299
depot	5.2294
whereof	5.2294
leakage	5.2292
hanged	5.2291
prostate	5.2290
mule	5.2290
announcing	5.2278
lunar	5.2271
ob	5.2269
belts	5.2263
liu	5.2257
shields	5.2253
bothered	5.2249
superfluous	5.2239
floated	5.2237
urea	5.2234
ideologies	5.2223
motifs	5.2218
ores	5.2209
parishes	5.2200
recruits	5.2195
oder	5.2195
downwards	5.2184
drafting	5.2179
forcibly	5.2174
salesman	5.2171
aires	5.2170
kay	5.2150
banished	5.2147
mozart	5.2128
guise	5.2124
transmitter	5.2122
rum	5.2121
fundamentals	5.2120
succeeds	5.2117
logan	5.2113
palate	5.2106
infarction	5.2091
inventories	5.2089
anglican	5.2079
oaks	5.2073
payroll	5.2054
squire	5.2049
slit	5.2046
eddie	5.2044
agreeing	5.2042
cranial	5.2029
advertised	5.2025
zealous	5.2015
einer	5.2015
platforms	5.2010
gentiles	5.2005
exhibitions	5.2004
krishna	5.2003
newsletter	5.1983
spacious	5.1983
discharges	5.1980
interdependence	5.1960
frenchman	5.1947
shocks	5.1931
presided	5.1929
divergent	5.1928
manifesto	5.1925
influx	5.1917
locating	5.1901
colorful	5.1890
photon	5.1877
carriages	5.1860
genome	5.1856
ascended	5.1855
exhibiting	5.1843
cube	5.1827
johann	5.1825
retreated	5.1821
retrieved	5.1819
beforehand	5.1815
inductive	5.1802
evacuation	5.1789
pines	5.1785
illnesses	5.1777
crimson	5.1776
pierced	5.1775
sued	5.1763
fourier	5.1762
dielectric	5.1755
prerogative	5.1751
kernel	5.1746
allegedly	5.1734
proclaim	5.1727
mercantile	5.1726
underwent	5.1724
inventor	5.1712
coaches	5.1711
painfully	5.1706
concord	5.1697
doctoral	5.1690
siberia	5.1683
becker	5.1677
dubious	5.1674
instinctive	5.1671
conducive	5.1668
vendors	5.1664
equator	5.1663
maple	5.1657
widows	5.1654
kills	5.1651
paired	5.1649
restraints	5.1649
ukraine	5.1648
tiles	5.1647
morbid	5.1638
retinal	5.1632
canons	5.1630
tubular	5.1623
evelyn	5.1620
foreground	5.1598
familial	5.1589
sensors	5.1585
causation	5.1576
exaggeration	5.1576
refining	5.1574
timid	5.1566
yankee	5.1538
overlooking	5.1532
milieu	5.1531
ppm	5.1530
dictates	5.1527
admittedly	5.1526
repeats	5.1522
neurological	5.1506
pretending	5.1502
profitability	5.1493
manly	5.1488
meridian	5.1470
intracellular	5.1465
greet	5.1464
interviewer	5.1456
butterfly	5.1452
dover	5.1447
citation	5.1440
semester	5.1438
enamel	5.1434
sheridan	5.1433
genital	5.1429
wyoming	5.1424
beaver	5.1406
ensued	5.1402
storing	5.1395
inseparable	5.1383
adulthood	5.1368
geo	5.1366
generalizations	5.1348
herb	5.1348
dreaded	5.1347
nicely	5.1339
mint	5.1339
barker	5.1333
tucker	5.1332
eyebrows	5.1321
nuns	5.1310
acknowledges	5.1300
staple	5.1285
crowns	5.1274
developer	5.1273
fasting	5.1268
proposing	5.1258
niece	5.1255
cigar	5.1254
obscured	5.1244
devout	5.1235
jurisdictions	5.1233
amen	5.1231
witchcraft	5.1231
battlefield	5.1224
scroll	5.1220
ae	5.1216
dispatched	5.1205
mysticism	5.1203
yuan	5.1195
pronounce	5.1193
formulae	5.1189
groundwater	5.1181
disks	5.1175
immature	5.1171
inspectors	5.1168
endogenous	5.1164
myers	5.1157
spoil	5.1154
risky	5.1153
weaver	5.1148
contours	5.1145
precarious	5.1145
collagen	5.1142
aromatic	5.1142
supervisory	5.1141
rub	5.1140
subscribers	5.1132
scandinavian	5.1120
dominican	5.1119
claire	5.1116
confronting	5.1111
uprising	5.1110
transcript	5.1109
escapes	5.1105
southeastern	5.1102
estrogen	5.1096
packets	5.1094
monumental	5.1082
mis	5.1079
sympathies	5.1076
wildly	5.1067
existent	5.1063
signatures	5.1053
patriarch	5.1045
mating	5.1033
uniforms	5.1027
triggered	5.1019
annex	5.1018
perkins	5.1016
medicare	5.1005
weird	5.0975
correcting	5.0974
stakes	5.0972
ada	5.0962
rib	5.0951
mini	5.0946
geol	5.0946
iu	5.0939
turbulence	5.0938
spectroscopy	5.0936
flanders	5.0926
nationalists	5.0910
filtration	5.0907
muddy	5.0904
leases	5.0901
dent	5.0891
transformer	5.0890
diabetic	5.0890
dues	5.0887
praises	5.0879
tempo	5.0876
historia	5.0866
liturgy	5.0857
como	5.0855
scholastic	5.0854
joys	5.0850
lyric	5.0846
oct	5.0839
orator	5.0829
redress	5.0827
bald	5.0823
informing	5.0822
dusk	5.0821
slipping	5.0817
enrichment	5.0808
handwriting	5.0805
brighter	5.0800
natal	5.0786
hydrochloric	5.0783
friendships	5.0768
owl	5.0764
immoral	5.0754
bradford	5.0745
doom	5.0731
spores	5.0712
ecosystem	5.0711
cradle	5.0708
destroys	5.0705
populace	5.0704
hourly	5.0703
blended	5.0694
migrant	5.0693
sturdy	5.0686
accountable	5.0683
ghetto	5.0681
unskilled	5.0679
tort	5.0677
pronunciation	5.0675
sticking	5.0667
psyche	5.0666
ingredient	5.0664
np	5.0657
parked	5.0655
childish	5.0653
granules	5.0652
cavities	5.0648
sighted	5.0647
aftermath	5.0639
ace	5.0638
discovers	5.0623
inducing	5.0615
maturation	5.0613
unfit	5.0607
acquisitions	5.0607
betray	5.0601
ts	5.0598
revue	5.0591
ovarian	5.0589
licenses	5.0586
tbe	5.0582
flooded	5.0573
finnish	5.0564
bangladesh	5.0563
boyd	5.0559
concise	5.0557
nr	5.0549
marc	5.0546
willow	5.0532
accessory	5.0531
continents	5.0510
queue	5.0510
recruit	5.0509
vicar	5.0509
dissemination	5.0495
grocery	5.0493
airline	5.0486
wipe	5.0474
microorganisms	5.0462
ea	5.0459
undermined	5.0454
worshipped	5.0452
injections	5.0450
ledger	5.0448
invaders	5.0446
ron	5.0446
battered	5.0444
condenser	5.0440
edged	5.0440
pirates	5.0428
receptive	5.0425
fossils	5.0418
resented	5.0415
jurisprudence	5.0408
retrieve	5.0407
fugitive	5.0395
antitrust	5.0383
interfering	5.0381
topical	5.0374
dialectic	5.0364
etal	5.0346
dwarf	5.0344
strikingly	5.0333
modulus	5.0329
tides	5.0307
walled	5.0302
liaison	5.0294
compulsion	5.0275
fade	5.0271
ithaca	5.0266
scatter	5.0251
yea	5.0250
deux	5.0249
humphrey	5.0232
fostered	5.0217
mentality	5.0200
marvelous	5.0184
hawthorne	5.0176
bizarre	5.0161
nam	5.0139
indebtedness	5.0136
averaging	5.0133
surge	5.0122
distracted	5.0104
ri	5.0088
deliverance	5.0081
nc	5.0076
assigns	5.0070
airway	5.0069
swore	5.0051
conservatism	5.0046
electorate	5.0039
softened	5.0031
solicitor	5.0026
moods	5.0023
nov	5.0000
frightening	4.9996
murders	4.9991
needing	4.9988
mules	4.9984
americas	4.9978
englewood	4.9978
acquires	4.9977
outrage	4.9972
lotus	4.9970
observatory	4.9970
oxen	4.9967
annuity	4.9961
registry	4.9960
whigs	4.9956
attracting	4.9952
antagonism	4.9951
shortest	4.9946
squeeze	4.9944
dixon	4.9939
rhyme	4.9932
ont	4.9925
weep	4.9918
comte	4.9913
glen	4.9907
barbarous	4.9900
refrigerator	4.9885
rotor	4.9881
indianapolis	4.9880
soaked	4.9868
raven	4.9867
pretensions	4.9856
onions	4.9848
exchequer	4.9847
youngsters	4.9843
shirley	4.9839
torch	4.9820
erie	4.9810
shouts	4.9809
accountant	4.9805
willis	4.9802
wiser	4.9795
mohammed	4.9793
turtle	4.9783
engraving	4.9780
artisans	4.9773
reinforcing	4.9768
transistor	4.9767
pascal	4.9765
lyon	4.9763
oats	4.9762
subordination	4.9760
ludwig	4.9752
hebrews	4.9746
confines	4.9744
redistribution	4.9738
yu	4.9735
hop	4.9733
satisfies	4.9727
georges	4.9725
subset	4.9725
titled	4.9716
amazement	4.9710
wonderfully	4.9710
stripes	4.9704
warmer	4.9703
depicts	4.9703
homework	4.9702
embarrassing	4.9696
threatens	4.9694
precursor	4.9690
uncertainties	4.9683
towel	4.9683
yellowish	4.9683
heredity	4.9668
apprehended	4.9665
courageous	4.9655
locomotive	4.9654
sufficiency	4.9652
undertakings	4.9650
consonant	4.9647
labeling	4.9643
stanza	4.9643
preston	4.9641
aide	4.9640
hoffman	4.9634
disliked	4.9634
martyrs	4.9626
tub	4.9624
lc	4.9623
entail	4.9607
arbitrarily	4.9597
thinker	4.9584
eg	4.9583
binds	4.9582
woe	4.9582
cordial	4.9581
nun	4.9575
diverted	4.9571
kinetics	4.9557
unwanted	4.9544
allowable	4.9541
dough	4.9540
olympic	4.9515
woodland	4.9508
terrific	4.9502
vinegar	4.9484
ultrasound	4.9464
interacting	4.9463
spends	4.9462
persists	4.9459
grandparents	4.9457
stately	4.9441
forthwith	4.9437
harvesting	4.9418
jam	4.9416
competitor	4.9415
isabella	4.9415
tier	4.9414
esp	4.9411
tuning	4.9404
diesel	4.9395
filtering	4.9391
homo	4.9371
industrialized	4.9370
horizons	4.9363
hunted	4.9363
acetic	4.9357
preoccupied	4.9340
gnp	4.9336
bilingual	4.9327
embryonic	4.9324
hum	4.9306
carson	4.9296
flats	4.9294
hangs	4.9288
hydroxide	4.9277
turmoil	4.9275
grape	4.9269
oxides	4.9267
retiring	4.9266
bids	4.9266
lima	4.9264
warranted	4.9261
wont	4.9244
tablet	4.9231
dodge	4.9228
unbroken	4.9204
narrowed	4.9194
scar	4.9191
alpine	4.9183
allegations	4.9181
gal	4.9171
uv	4.9164
twain	4.9157
motto	4.9142
camel	4.9140
stenosis	4.9134
lava	4.9126
alienated	4.9113
newport	4.9101
eddy	4.9096
propensity	4.9094
cytoplasm	4.9086
shafts	4.9081
louder	4.9077
protracted	4.9066
poe	4.9057
eva	4.9056
butcher	4.9056
wherefore	4.9054
teenagers	4.9049
canonical	4.9044
herr	4.9033
bd	4.9032
greenhouse	4.9031
immensely	4.9022
racist	4.9020
graphical	4.9007
existential	4.8995
credible	4.8987
buys	4.8986
bows	4.8980
verge	4.8966
chaotic	4.8964
goodman	4.8962
dancer	4.8948
shrink	4.8947
characterizes	4.8943
rectangle	4.8937
lore	4.8937
gall	4.8935
grotesque	4.8930
brute	4.8928
forecasts	4.8921
arsenic	4.8915
winged	4.8912
alveolar	4.8895
hose	4.8892
ragged	4.8887
hemoglobin	4.8881
workman	4.8860
fait	4.8853
honorary	4.8852
algeria	4.8831
cords	4.8821
recognizable	4.8813
cocoa	4.8811
corrective	4.8803
aorta	4.8801
psychiatrist	4.8798
attic	4.8783
darkened	4.8782
detecting	4.8780
contests	4.8776
cosmos	4.8774
whichever	4.8769
trifling	4.8768
electrolyte	4.8766
hartford	4.8764
noises	4.8751
fol	4.8745
leopold	4.8737
motionless	4.8734
reinforcements	4.8724
fu	4.8723
sparks	4.8716
adjectives	4.8705
reversible	4.8701
sulphuric	4.8695
pipeline	4.8685
whitney	4.8677
header	4.8674
downs	4.8650
horizontally	4.8645
adaptations	4.8640
cache	4.8640
warranty	4.8633
exploits	4.8624
syracuse	4.8615
deutsche	4.8609
summers	4.8604
lynch	4.8600
perfected	4.8596
facilitating	4.8585
trusting	4.8580
heinrich	4.8567
antecedent	4.8564
exertions	4.8556
pronoun	4.8551
revive	4.8550
abound	4.8542
illuminating	4.8536
queens	4.8528
paints	4.8517
invade	4.8517
climates	4.8517
passport	4.8516
bankrupt	4.8515
spindle	4.8515
superseded	4.8512
ducks	4.8502
fro	4.8496
realizes	4.8495
skip	4.8482
incremental	4.8480
elizabethan	4.8478
overly	4.8469
stratification	4.8467
deserving	4.8450
wilt	4.8439
rebuilt	4.8438
enforcing	4.8423
c'est	4.8422
mammalian	4.8416
furnishes	4.8405
cos	4.8404
pest	4.8403
aiming	4.8388
massage	4.8379
deference	4.8379
griffin	4.8375
groves	4.8375
awoke	4.8367
toast	4.8354
rockefeller	4.8351
carbohydrates	4.8345
ned	4.8344
tempting	4.8336
canopy	4.8335
symmetric	4.8333
ter	4.8333
barton	4.8331
xxiv	4.8321
battalions	4.8308
imposes	4.8300
demise	4.8297
doubleday	4.8296
nonprofit	4.8278
unpredictable	4.8274
uniquely	4.8258
raphael	4.8248
tions	4.8236
lorenzo	4.8234
embraces	4.8229
fading	4.8215
imperialist	4.8208
cheerfully	4.8208
zurich	4.8208
admirably	4.8204
obscurity	4.8189
rewarding	4.8183
antibiotic	4.8168
deliberation	4.8163
extraordinarily	4.8154
ensured	4.8146
confessions	4.8145
inert	4.8139
anxiously	4.8136
confidently	4.8125
sinister	4.8125
adultery	4.8124
delusion	4.8120
mastered	4.8110
armenian	4.8106
wie	4.8102
northeastern	4.8099
lantern	4.8096
chronicles	4.8093
growers	4.8086
pauline	4.8084
flashing	4.8075
williamson	4.8066
inc	4.8060
withheld	4.8056
discriminate	4.8054
auspices	4.8030
atrial	4.8021
furnishing	4.8003
preclude	4.7999
lethal	4.7997
allergic	4.7995
bl	4.7994
pancreatic	4.7994
summarizes	4.7984
worksheet	4.7936
somerset	4.7920
deployed	4.7914
completeness	4.7913
cooperatives	4.7904
interchange	4.7891
gloucester	4.7891
characteristically	4.7890
unpaid	4.7889
sings	4.7884
shrewd	4.7882
devils	4.7881
watt	4.7880
absurdity	4.7877
deem	4.7877
unconstitutional	4.7872
hooks	4.7866
treachery	4.7865
harding	4.7864
o'connor	4.7864
isabel	4.7846
walsh	4.7845
andrea	4.7844
phd	4.7842
graded	4.7839
eclipse	4.7834
beacon	4.7830
balcony	4.7826
hydrolysis	4.7826
drafts	4.7824
invoke	4.7817
signaling	4.7816
trajectory	4.7809
ruby	4.7808
olds	4.7789
grandchildren	4.7789
dissection	4.7786
scanty	4.7779
presiding	4.7757
o'er	4.7747
suction	4.7745
inserting	4.7743
abandoning	4.7732
harness	4.7724
forge	4.7722
yeats	4.7719
saith	4.7718
beauties	4.7718
justin	4.7708
avoids	4.7705
repetitive	4.7701
vow	4.7693
stunned	4.7690
fronts	4.7689
iraqi	4.7673
discontinued	4.7672
sculptor	4.7659
lambert	4.7656
barbarians	4.7653
weiss	4.7637
mechanically	4.7628
infrequently	4.7622
wolfe	4.7621
lifelong	4.7613
processors	4.7609
seine	4.7609
spouses	4.7606
retailers	4.7604
excursion	4.7599
brokers	4.7594
hampton	4.7588
communicative	4.7583
traveler	4.7577
judicious	4.7570
detrimental	4.7570
rust	4.7565
transmitting	4.7565
inspected	4.7555
undisturbed	4.7551
impurities	4.7547
italics	4.7543
scripts	4.7537
mediator	4.7535
ginger	4.7535
taft	4.7533
disarmament	4.7532
eagerness	4.7529
widened	4.7527
tne	4.7521
simplify	4.7508
iq	4.7506
triangles	4.7506
predictive	4.7500
halifax	4.7490
owning	4.7490
tibetan	4.7487
encoding	4.7474
claimant	4.7469
nave	4.7460
miguel	4.7453
jeans	4.7441
tapped	4.7439
guerrilla	4.7433
outfit	4.7430
grading	4.7415
ducts	4.7413
counselors	4.7406
instinctively	4.7403
transnational	4.7400
viewers	4.7395
foreigner	4.7393
forwarded	4.7388
dickinson	4.7383
coordinating	4.7378
beatrice	4.7376
flute	4.7374
regained	4.7365
natures	4.7364
grasping	4.7362
protestantism	4.7355
surpassed	4.7354
appellant	4.7352
drunken	4.7351
reciprocity	4.7346
vase	4.7344
folio	4.7343
geschichte	4.7335
durch	4.7327
poorest	4.7319
emphatically	4.7313
urges	4.7311
spoiled	4.7310
concave	4.7308
logging	4.7304
barcelona	4.7300
ambient	4.7291
sophia	4.7291
decorations	4.7288
compromised	4.7271
acquaintances	4.7267
reigned	4.7266
annexation	4.7257
leicester	4.7255
barrett	4.7251
inaccurate	4.7234
plastics	4.7218
neil	4.7214
standardization	4.7209
sharon	4.7209
accommodations	4.7200
conveying	4.7191
adequacy	4.7186
reactionary	4.7183
warrants	4.7156
contractions	4.7121
sundays	4.7097
elicit	4.7095
adhered	4.7094
sanitation	4.7085
excesses	4.7084
referral	4.7072
reflexes	4.7062
repressed	4.7042
envisaged	4.7037
ponds	4.7036
dialects	4.7035
inferiority	4.7033
indulged	4.7022
stormy	4.7022
powerfully	4.7022
clare	4.6995
somatic	4.6994
manipulated	4.6970
peat	4.6967
calamity	4.6963
embryos	4.6963
ro	4.6956
chess	4.6956
picnic	4.6947
contradict	4.6930
carving	4.6928
disobedience	4.6922
banana	4.6921
diversified	4.6916
weakening	4.6910
warmed	4.6908
edifice	4.6902
postmodern	4.6898
comm	4.6891
fishery	4.6890
tonic	4.6888
splendour	4.6883
avenues	4.6882
nod	4.6882
bypass	4.6876
whiskey	4.6873
keynes	4.6867
approbation	4.6864
abolish	4.6864
shocking	4.6862
helena	4.6855
worries	4.6849
selfishness	4.6849
launching	4.6836
elongated	4.6826
parenting	4.6820
aggravated	4.6817
bade	4.6814
leased	4.6806
revelations	4.6796
dawson	4.6794
induces	4.6793
biochemistry	4.6788
programmed	4.6774
rectum	4.6772
zum	4.6768
ancestry	4.6760
brightly	4.6754
gallon	4.6754
cutaneous	4.6754
adhesive	4.6748
emigrants	4.6738
leaped	4.6726
derby	4.6725
kissing	4.6723
lessen	4.6719
hegemony	4.6714
clicking	4.6701
sloping	4.6693
diving	4.6679
preserves	4.6670
groupings	4.6669
classed	4.6665
bluff	4.6665
lender	4.6660
ark	4.6659
cologne	4.6655
eligibility	4.6649
inhibitor	4.6647
precaution	4.6646
hailed	4.6635
increment	4.6628
rotten	4.6618
biomass	4.6614
hawkins	4.6610
misunderstood	4.6599
deserts	4.6596
incompetent	4.6594
irritated	4.6588
extinguished	4.6586
deleted	4.6571
dive	4.6571
rehearsal	4.6567
ignition	4.6567
ness	4.6567
pediatric	4.6562
anthology	4.6554
helmet	4.6551
ski	4.6544
embodiment	4.6537
formulations	4.6535
nationwide	4.6521
memphis	4.6508
messengers	4.6507
buckingham	4.6503
werden	4.6500
danny	4.6500
lyrics	4.6481
priced	4.6461
banned	4.6455
engels	4.6449
repertoire	4.6444
ecstasy	4.6439
hurricane	4.6439
bait	4.6438
carr	4.6425
sunrise	4.6423
infringement	4.6419
hermann	4.6416
hanover	4.6414
sensual	4.6412
intellectually	4.6410
internationally	4.6408
feminists	4.6397
realms	4.6396
applicability	4.6395
fiercely	4.6388
seymour	4.6384
inquisition	4.6370
interstitial	4.6369
budapest	4.6366
blossom	4.6363
cop	4.6362
scotia	4.6358
manning	4.6349
walpole	4.6343
falsehood	4.6337
niche	4.6325
vowels	4.6320
tortured	4.6318
yearbook	4.6315
oscillations	4.6312
truce	4.6311
flip	4.6301
understandings	4.6298
blond	4.6278
despatch	4.6272
pills	4.6267
remnant	4.6260
castles	4.6258
disregarded	4.6245
rem	4.6239
jennifer	4.6238
clayton	4.6230
slips	4.6229
thematic	4.6229
symptomatic	4.6227
anxieties	4.6226
hydrocarbons	4.6225
desiring	4.6224
berries	4.6217
parole	4.6207
pulls	4.6204
identifiable	4.6196
chemically	4.6194
paradoxical	4.6192
hasten	4.6186
drifting	4.6183
squad	4.6175
tasted	4.6169
screws	4.6169
implicated	4.6148
trough	4.6126
bust	4.6113
charters	4.6110
muller	4.6109
vide	4.6105
huntington	4.6081
anyhow	4.6074
excise	4.6068
pores	4.6058
poly	4.6046
forgiven	4.6037
invent	4.6030
desolate	4.6030
chiang	4.6013
witches	4.6010
defender	4.6007
raja	4.5999
bursting	4.5989
browne	4.5987
pearls	4.5978
exemplary	4.5961
clinging	4.5956
stray	4.5946
majestic	4.5946
abiding	4.5943
homestead	4.5941
performer	4.5941
endeavours	4.5937
parasite	4.5924
subscribe	4.5920
measurable	4.5913
idol	4.5902
intending	4.5900
orientations	4.5897
lobes	4.5893
sorrows	4.5893
fifties	4.5891
imagining	4.5880
roaring	4.5876
equivalents	4.5874
privatization	4.5873
cooler	4.5869
mentor	4.5866
grease	4.5863
barons	4.5861
tread	4.5860
elicited	4.5844
haul	4.5844
checklist	4.5830
tucked	4.5828
leukemia	4.5825
skilful	4.5816
concomitant	4.5811
inhibitory	4.5806
bang	4.5795
gravitational	4.5786
effectually	4.5776
rides	4.5773
israelites	4.5771
seismic	4.5770
dine	4.5765
proponents	4.5758
nationals	4.5751
midway	4.5749
avant	4.5748
secession	4.5748
makeup	4.5744
assemblage	4.5739
unesco	4.5728
shortened	4.5728
prerequisite	4.5720
mussolini	4.5717
cutter	4.5712
translating	4.5709
canoes	4.5706
filaments	4.5705
parlor	4.5702
bowls	4.5698
ls	4.5695
ransom	4.5693
strenuous	4.5680
christendom	4.5676
relativity	4.5673
networking	4.5671
desktop	4.5670
authorship	4.5665
revise	4.5661
notify	4.5652
surveying	4.5649
pancreas	4.5644
favorably	4.5637
respectful	4.5637
suture	4.5636
mythical	4.5634
accessories	4.5622
accompaniment	4.5617
bail	4.5615
apprenticeship	4.5614
restricting	4.5600
jeremy	4.5596
ul	4.5587
whither	4.5580
gaseous	4.5576
crisp	4.5562
prelude	4.5561
stanton	4.5554
insecurity	4.5544
withholding	4.5542
teen	4.5535
repay	4.5531
habitats	4.5530
flown	4.5528
spelled	4.5509
intriguing	4.5507
artificially	4.5502
teens	4.5501
saves	4.5491
equivalence	4.5483
spies	4.5478
om	4.5476
comforts	4.5469
brigadier	4.5458
movable	4.5457
revolving	4.5457
redeemed	4.5451
ukrainian	4.5441
degenerate	4.5441
casually	4.5441
foes	4.5439
hooker	4.5438
staged	4.5433
blossoms	4.5431
sparkling	4.5417
suspend	4.5417
reconstructed	4.5415
scouts	4.5413
antony	4.5411
denominations	4.5408
stuttgart	4.5405
whipped	4.5403
rations	4.5402
erasmus	4.5398
granular	4.5393
solvents	4.5389
elective	4.5386
prism	4.5380
cereal	4.5376
starving	4.5372
parable	4.5366
pastures	4.5365
costing	4.5364
nash	4.5361
conf	4.5360
sinclair	4.5360
wickedness	4.5357
botany	4.5356
lisbon	4.5352
camping	4.5346
vacancy	4.5333
trash	4.5332
hg	4.5324
leverage	4.5320
delegated	4.5306
cornwall	4.5305
gage	4.5300
lanka	4.5299
nathaniel	4.5297
dudley	4.5292
flooding	4.5286
canned	4.5282
thicker	4.5280
kindergarten	4.5273
treatises	4.5268
remedial	4.5252
helium	4.5245
rebellious	4.5242
hobbes	4.5242
nasty	4.5238
firmness	4.5234
canning	4.5223
anomaly	4.5222
boulevard	4.5220
synthesized	4.5219
potency	4.5219
wrongs	4.5208
policemen	4.5205
ridden	4.5203
mortgages	4.5200
ulcers	4.5198
athlete	4.5197
mailing	4.5164
creeping	4.5153
ds	4.5147
correspondingly	4.5144
kaplan	4.5134
glare	4.5133
promoter	4.5124
rouge	4.5120
ef	4.5119
angrily	4.5116
amber	4.5112
especial	4.5110
singularly	4.5109
cunningham	4.5108
newfoundland	4.5083
earthquakes	4.5082
delinquent	4.5080
gerard	4.5073
mb	4.5073
mustard	4.5072
excavated	4.5071
ecosystems	4.5070
exposures	4.5065
deadline	4.5035
thighs	4.5035
donna	4.5034
beverly	4.5029
typed	4.5028
sleeves	4.5024
bastard	4.5018
poster	4.5006
accompanies	4.5005
dissenting	4.4980
liberalization	4.4964
ans	4.4960
objectively	4.4955
judy	4.4952
clarification	4.4929
securely	4.4927
romania	4.4925
inconsistency	4.4923
rotate	4.4914
receivable	4.4908
mifflin	4.4907
turf	4.4906
amorphous	4.4900
vigilance	4.4893
determinant	4.4887
quaker	4.4887
doubling	4.4881
injure	4.4880
glittering	4.4857
dismay	4.4856
zionist	4.4849
plotting	4.4838
dams	4.4832
gorgeous	4.4816
comb	4.4803
complexities	4.4799
madonna	4.4796
dialectical	4.4775
shipments	4.4769
mayer	4.4760
rye	4.4756
mrna	4.4756
kingston	4.4754
alberta	4.4750
transcendent	4.4748
interfered	4.4742
puberty	4.4739
disapproval	4.4734
discriminatory	4.4730
citations	4.4719
cleft	4.4718
linkages	4.4712
pernicious	4.4707
criticize	4.4706
industrious	4.4701
interpretive	4.4692
traversed	4.4677
frederic	4.4672
brittle	4.4668
tn	4.4660
insufficiency	4.4658
heidelberg	4.4652
faintly	4.4643
riders	4.4637
amos	4.4636
boost	4.4635
lou	4.4634
malicious	4.4633
planetary	4.4631
skirts	4.4624
skinner	4.4623
endocrine	4.4621
precede	4.4619
bbc	4.4615
mai	4.4615
compiler	4.4606
scholarships	4.4604
covert	4.4591
excused	4.4582
transplant	4.4581
psi	4.4573
fraudulent	4.4572
powdered	4.4569
tailor	4.4563
slack	4.4553
toleration	4.4544
elusive	4.4536
inherit	4.4532
causality	4.4528
borrower	4.4522
traverse	4.4516
zeus	4.4514
schneider	4.4511
armature	4.4505
furnaces	4.4501
cabbage	4.4489
amplification	4.4487
knocking	4.4487
rao	4.4469
plunder	4.4466
diffused	4.4464
transference	4.4463
authorize	4.4457
damascus	4.4454
blurred	4.4448
endorsement	4.4435
stainless	4.4427
unfolding	4.4427
unduly	4.4420
benson	4.4416
pratt	4.4407
ordeal	4.4405
zion	4.4401
tires	4.4394
weakly	4.4387
platelet	4.4370
sussex	4.4353
confirming	4.4351
obligatory	4.4349
liquidation	4.4344
agar	4.4342
psychologically	4.4342
merrill	4.4331
hideous	4.4330
visually	4.4328
ku	4.4326
subcommittee	4.4322
twisting	4.4322
occlusion	4.4316
patriots	4.4298
aggregates	4.4294
lopez	4.4293
reunion	4.4293
ceo	4.4290
winters	4.4289
confuse	4.4288
dat	4.4286
informative	4.4282
sidewalk	4.4275
fences	4.4269
illegitimate	4.4258
expands	4.4256
abbreviations	4.4252
interviewing	4.4251
philippe	4.4250
complied	4.4248
fleming	4.4241
biting	4.4241
unpopular	4.4232
iceland	4.4229
dana	4.4227
wares	4.4224
serene	4.4219
doubly	4.4215
ver	4.4213
ulster	4.4196
authorised	4.4194
ditto	4.4187
imbalance	4.4183
formative	4.4182
optics	4.4181
survives	4.4181
nigerian	4.4178
empires	4.4177
galileo	4.4172
sioux	4.4169
dom	4.4162
waiter	4.4162
goodbye	4.4157
jars	4.4154
spokesman	4.4148
plunge	4.4146
worrying	4.4131
sedimentary	4.4130
awhile	4.4121
arched	4.4118
mapped	4.4117
humanism	4.4112
leur	4.4111
deriving	4.4098
fertilization	4.4096
cricket	4.4093
delights	4.4092
chandler	4.4091
hawaiian	4.4074
arrays	4.4072
viking	4.4037
libel	4.4036
bounty	4.4030
salute	4.4028
neuron	4.4025
fortifications	4.4022
pluralism	4.4017
multimedia	4.4002
capturing	4.3997
icy	4.3968
fm	4.3965
sow	4.3965
normandy	4.3961
pretence	4.3957
tsar	4.3952
bacillus	4.3951
marcel	4.3944
parentheses	4.3942
forwards	4.3911
quarrels	4.3907
natl	4.3898
seminars	4.3896
qu'il	4.3896
branching	4.3894
gertrude	4.3891
compatibility	4.3882
rh	4.3862
ascend	4.3860
werner	4.3855
courier	4.3838
arrogance	4.3838
uniting	4.3836
ballad	4.3836
librarians	4.3829
nigh	4.3821
decreed	4.3816
credentials	4.3813
chariot	4.3809
groom	4.3805
sponge	4.3798
rex	4.3796
thrill	4.3793
wavelengths	4.3782
pd	4.3781
ming	4.3778
retrospective	4.3771
grievance	4.3770
subdivided	4.3762
aquinas	4.3761
pesticides	4.3754
tempest	4.3750
hansen	4.3746
morse	4.3742
excludes	4.3740
havana	4.3737
landmark	4.3730
empathy	4.3729
ivy	4.3728
galaxy	4.3727
neurotic	4.3726
sanders	4.3720
femoral	4.3713
anecdotes	4.3709
refraction	4.3707
vesicles	4.3706
initiating	4.3698
vanish	4.3695
impart	4.3694
aisle	4.3693
pony	4.3691
tranquillity	4.3688
bewildered	4.3688
craftsmen	4.3686
lan	4.3685
fungus	4.3681
vows	4.3651
lafayette	4.3648
fowler	4.3646
terra	4.3645
greenwich	4.3644
greenland	4.3629
facilitates	4.3628
microbial	4.3626
arousal	4.3626
behavioural	4.3625
coronation	4.3614
severed	4.3612
hp	4.3599
diaries	4.3591
rm	4.3587
tm	4.3579
persecuted	4.3579
superstitious	4.3576
violating	4.3573
helper	4.3561
rapport	4.3552
fertilizers	4.3548
nil	4.3546
inadequacy	4.3543
scout	4.3542
tropics	4.3540
benches	4.3536
annoyance	4.3533
sylvia	4.3532
ida	4.3524
wording	4.3513
staging	4.3511
coconut	4.3510
cysts	4.3500
recollect	4.3498
shortages	4.3498
arrests	4.3491
matthews	4.3487
nomenclature	4.3481
ovary	4.3476
perseverance	4.3475
terrorists	4.3468
functionality	4.3467
anthropologists	4.3454
teenage	4.3452
dryden	4.3452
aberdeen	4.3446
postulated	4.3444
ontological	4.3443
slogan	4.3428
remuneration	4.3422
proverbs	4.3413
ihe	4.3400
steele	4.3394
frail	4.3393
spp	4.3392
awaken	4.3391
fallacy	4.3389
tractor	4.3383
kneeling	4.3376
gloria	4.3373
fabrication	4.3372
mechanic	4.3368
attested	4.3362
vogue	4.3361
hammond	4.3358
laurel	4.3351
traction	4.3350
sumner	4.3337
attachments	4.3335
burr	4.3332
generously	4.3325
cohort	4.3315
emptiness	4.3308
viability	4.3295
untouched	4.3290
fuse	4.3287
chemist	4.3282
prepares	4.3280
quotas	4.3273
jurors	4.3273
denis	4.3272
conquests	4.3271
statistic	4.3270
lingering	4.3268
paulo	4.3263
runner	4.3261
sebastian	4.3260
cones	4.3259
leak	4.3253
indignant	4.3245
clumsy	4.3243
ocular	4.3240
bake	4.3230
dyes	4.3228
payne	4.3227
bologna	4.3223
assoc	4.3221
veterinary	4.3219
masculinity	4.3218
effectual	4.3217
despotism	4.3201
tanzania	4.3190
ngos	4.3189
retrospect	4.3188
poisoned	4.3183
wee	4.3182
ax	4.3182
ultraviolet	4.3176
spiritually	4.3170
gravely	4.3168
cardboard	4.3168
reminiscences	4.3162
extracellular	4.3148
excuses	4.3139
rick	4.3134
edict	4.3131
clover	4.3129
argentine	4.3128
manifests	4.3126
temptations	4.3124
quarry	4.3123
inaccessible	4.3106
occupants	4.3106
coals	4.3081
lydia	4.3078
distillation	4.3073
fritz	4.3062
wits	4.3058
metre	4.3043
heterosexual	4.3037
emptied	4.3030
referendum	4.3030
objectionable	4.3028
unconditional	4.3026
redundant	4.3026
chateau	4.3026
curled	4.3024
christine	4.3023
crooked	4.3022
chestnut	4.3019
stringent	4.3012
corinthians	4.3011
crescent	4.3009
thrive	4.3009
intrigue	4.3008
queensland	4.3001
stall	4.3000
seedlings	4.2999
correlate	4.2997
hardest	4.2995
misfortunes	4.2992
bike	4.2983
stokes	4.2976
gore	4.2975
goldsmith	4.2974
opt	4.2973
narration	4.2970
ostensibly	4.2967
businessman	4.2963
dominating	4.2961
stumbled	4.2957
adversely	4.2948
fide	4.2936
rotary	4.2931
ezra	4.2908
picks	4.2908
convulsions	4.2906
deformity	4.2899
armistice	4.2898
drilled	4.2892
modal	4.2889
intensities	4.2877
utilitarian	4.2876
utopian	4.2869
democracies	4.2869
marches	4.2833
sludge	4.2831
biographies	4.2831
styled	4.2830
antiquities	4.2829
diversification	4.2828
uh	4.2814
piercing	4.2812
savannah	4.2811
helicopter	4.2807
revisions	4.2806
indoor	4.2796
eqs	4.2791
scalp	4.2790
upside	4.2786
twofold	4.2782
dialogues	4.2776
div	4.2773
perfume	4.2754
baroque	4.2742
preschool	4.2741
trembled	4.2740
ruthless	4.2736
proficiency	4.2736
elle	4.2727
computations	4.2727
dismal	4.2720
hardening	4.2719
fluorescent	4.2718
warlike	4.2718
mountainous	4.2715
denomination	4.2706
plaque	4.2699
maze	4.2689
vita	4.2689
tapping	4.2688
sampled	4.2684
dt	4.2667
precedes	4.2666
empirically	4.2653
longitude	4.2650
adapting	4.2629
spruce	4.2626
carey	4.2623
botanical	4.2616
fragmented	4.2615
nostrils	4.2609
trent	4.2607
teresa	4.2604
traitor	4.2603
disadvantaged	4.2599
steer	4.2597
wooded	4.2581
bursts	4.2571
cyst	4.2563
jewel	4.2549
assuring	4.2543
offending	4.2537
directives	4.2536
infamous	4.2532
moslem	4.2522
betrayal	4.2515
mater	4.2506
rica	4.2495
subscribed	4.2488
boasted	4.2484
collisions	4.2484
conveys	4.2483
hither	4.2478
lament	4.2476
arrogant	4.2434
anode	4.2427
postage	4.2409
trinidad	4.2406
genetically	4.2401
wilkinson	4.2392
dictator	4.2388
giles	4.2386
lear	4.2383
hectares	4.2382
ration	4.2379
glancing	4.2377
louisville	4.2377
hysteria	4.2375
reformer	4.2363
garland	4.2362
adversaries	4.2354
phenomenal	4.2354
stephens	4.2343
pac	4.2338
pb	4.2337
eats	4.2327
rotational	4.2325
humbly	4.2315
seventies	4.2315
impoverished	4.2307
chartered	4.2300
dont	4.2297
warden	4.2289
seizing	4.2288
dentist	4.2278
stimulates	4.2273
competitiveness	4.2269
placenta	4.2266
depicting	4.2262
hal	4.2261
reel	4.2250
apprentice	4.2243
nourishment	4.2235
norris	4.2234
griffith	4.2218
studios	4.2205
sheffield	4.2199
noticing	4.2197
potash	4.2196
bates	4.2194
raging	4.2192
fictitious	4.2187
unrealistic	4.2187
punitive	4.2186
knowledgeable	4.2180
assurances	4.2180
segregated	4.2177
motivations	4.2176
jacobs	4.2175
protagonist	4.2159
ignores	4.2158
hauled	4.2156
salon	4.2156
albumin	4.2155
bestow	4.2153
vintage	4.2150
intercept	4.2147
randomized	4.2143
numbering	4.2138
roth	4.2137
typhoid	4.2130
walt	4.2126
leonardo	4.2124
woody	4.2123
additive	4.2120
momentarily	4.2113
rc	4.2112
luxurious	4.2089
tangent	4.2084
multilateral	4.2081
disappearing	4.2079
atonement	4.2074
questionnaires	4.2066
accessibility	4.2066
blending	4.2058
bonded	4.2057
confounded	4.2050
merciful	4.2045
ceramics	4.2042
perceptible	4.2041
shiny	4.2041
contiguous	4.2039
pleas	4.2031
collier	4.2031
knelt	4.2030
concerted	4.2030
sacraments	4.2010
hysterical	4.2001
coordinator	4.1999
promulgated	4.1999
safeguards	4.1999
leeds	4.1996
whales	4.1990
antarctic	4.1983
prohibiting	4.1982
vertebral	4.1979
reservoirs	4.1968
mil	4.1962
gardening	4.1958
pharmacy	4.1953
pinch	4.1951
survivor	4.1951
pecuniary	4.1944
trimmed	4.1943
nationalities	4.1939
nur	4.1929
saloon	4.1926
rhodesia	4.1922
bibliographical	4.1921
convoy	4.1921
cobalt	4.1916
allusions	4.1906
obsession	4.1899
bytes	4.1893
menstrual	4.1886
moody	4.1883
rupees	4.1860
resection	4.1859
crab	4.1844
chromium	4.1842
fable	4.1841
bipolar	4.1832
cursor	4.1829
installing	4.1823
brit	4.1822
salvage	4.1821
outsider	4.1813
notch	4.1812
flexion	4.1807
bois	4.1807
capillaries	4.1806
pill	4.1798
squared	4.1798
milling	4.1795
diode	4.1794
persians	4.1789
primer	4.1768
ganglion	4.1762
sm	4.1758
plough	4.1754
reins	4.1750
sociologists	4.1747
obstinate	4.1740
contextual	4.1738
convict	4.1729
beware	4.1729
splendor	4.1724
laborious	4.1722
dominates	4.1717
draught	4.1710
substrates	4.1710
preferential	4.1708
depressive	4.1707
cortes	4.1704
homicide	4.1699
sanctity	4.1690
allegory	4.1690
intolerance	4.1680
recess	4.1679
bryant	4.1677
miner	4.1668
reminding	4.1667
revolutionaries	4.1657
gardener	4.1652
berg	4.1644
walton	4.1642
sess	4.1637
wilkins	4.1636
depict	4.1635
oscillation	4.1620
dreary	4.1618
curing	4.1618
bolivia	4.1613
cataloging	4.1608
superimposed	4.1604
normalized	4.1603
ale	4.1603
ruskin	4.1603
tipped	4.1602
instrumentation	4.1598
thorn	4.1594
petals	4.1594
inhabit	4.1579
constance	4.1579
tame	4.1577
pronouns	4.1569
tuned	4.1552
apprehend	4.1543
denominator	4.1540
esse	4.1538
oaths	4.1535
greens	4.1535
fc	4.1525
ep	4.1517
pigeon	4.1516
reagent	4.1515
kinase	4.1511
skeptical	4.1504
heterogeneity	4.1498
keenly	4.1480
subscriptions	4.1475
capacitor	4.1473
char	4.1453
conical	4.1451
intermediary	4.1451
heroism	4.1449
abel	4.1440
sculptures	4.1437
disparity	4.1419
pitcher	4.1418
greenwood	4.1414
aptitude	4.1410
gait	4.1409
ami	4.1408
sayings	4.1407
bohemia	4.1407
lithium	4.1402
underdeveloped	4.1399
cling	4.1394
informants	4.1392
lindsay	4.1389
fernando	4.1385
attenuation	4.1384
immersion	4.1381
protons	4.1368
triumphs	4.1368
freedoms	4.1359
convened	4.1359
sh	4.1359
markings	4.1356
marco	4.1356
aud	4.1355
inaugurated	4.1354
brooke	4.1346
malta	4.1346
tonnage	4.1337
sinai	4.1329
polarized	4.1328
exporting	4.1323
tennyson	4.1322
prologue	4.1319
penicillin	4.1313
lanes	4.1310
luggage	4.1309
diameters	4.1308
bravery	4.1291
universality	4.1288
halves	4.1281
elemental	4.1279
perpetually	4.1279
qua	4.1275
nobel	4.1263
confederates	4.1263
warwick	4.1257
emblem	4.1256
streaming	4.1251
vile	4.1244
het	4.1238
assam	4.1234
catches	4.1233
saturn	4.1231
posters	4.1229
deacon	4.1221
moor	4.1217
recited	4.1216
xxv	4.1215
flashes	4.1212
billions	4.1207
constancy	4.1201
concentrates	4.1199
pendulum	4.1194
subjection	4.1194
angela	4.1193
realist	4.1193
aura	4.1187
entailed	4.1181
mounds	4.1175
bona	4.1157
hypocrisy	4.1156
cascade	4.1156
quaint	4.1153
facets	4.1152
miranda	4.1150
invites	4.1140
distortions	4.1139
stalk	4.1134
precedents	4.1126
urbanization	4.1123
accrued	4.1123
predetermined	4.1115
clinician	4.1115
speculate	4.1112
placebo	4.1112
polarity	4.1105
raleigh	4.1101
celebrations	4.1098
medicinal	4.1096
forbidding	4.1096
alia	4.1090
lea	4.1083
cleanliness	4.1080
mutant	4.1077
perimeter	4.1060
headaches	4.1057
gradients	4.1047
quicker	4.1038
nationally	4.1034
elijah	4.1032
dined	4.1017
accountants	4.1016
unmistakable	4.1012
katz	4.1008
uphold	4.1003
sucking	4.1002
filament	4.0998
wary	4.0994
needy	4.0987
forbade	4.0984
philosophies	4.0982
tying	4.0966
stony	4.0963
stylistic	4.0962
romanticism	4.0960
commenting	4.0959
knit	4.0950
sliced	4.0950
rotated	4.0943
eec	4.0939
backbone	4.0939
sketched	4.0936
hallway	4.0933
suspects	4.0930
ames	4.0927
molten	4.0917
manages	4.0906
parasitic	4.0904
atm	4.0896
corrupted	4.0895
maori	4.0892
commencing	4.0890
wto	4.0888
amply	4.0887
liquidity	4.0886
currencies	4.0882
illiterate	4.0880
orally	4.0879
augusta	4.0875
despise	4.0870
educator	4.0866
withdrawing	4.0856
stead	4.0854
activist	4.0844
berger	4.0843
inception	4.0839
evoke	4.0834
irene	4.0822
martyrdom	4.0822
inflamed	4.0822
puritans	4.0819
danube	4.0816
sinks	4.0813
skepticism	4.0807
ominous	4.0802
pasha	4.0799
joyous	4.0798
descendant	4.0795
xxx	4.0794
roast	4.0788
remorse	4.0777
reacting	4.0776
divert	4.0760
sweating	4.0752
blazing	4.0752
intoxication	4.0749
spike	4.0748
displeasure	4.0739
bruno	4.0735
pounding	4.0733
clarified	4.0720
piers	4.0718
loc	4.0717
explores	4.0705
issuance	4.0704
incessant	4.0696
endeavors	4.0694
foreseen	4.0692
liter	4.0686
correspondents	4.0685
centrally	4.0683
cns	4.0680
phi	4.0667
surf	4.0665
juncture	4.0665
cleansing	4.0660
sponsors	4.0659
semitic	4.0654
hinted	4.0637
angelo	4.0630
laurence	4.0628
grained	4.0625
gangs	4.0623
spectacles	4.0622
bitch	4.0615
incredibly	4.0612
hindi	4.0609
discord	4.0605
respectfully	4.0599
subsidiaries	4.0598
dharma	4.0598
afro	4.0591
vel	4.0589
profess	4.0586
frantic	4.0585
tolerable	4.0577
sovereigns	4.0537
shrimp	4.0536
doctrinal	4.0536
comet	4.0535
admissible	4.0532
athenians	4.0529
handicap	4.0526
civilizations	4.0522
ambulance	4.0519
kuwait	4.0512
archer	4.0509
elliot	4.0506
frightful	4.0504
fancied	4.0492
drastically	4.0487
byte	4.0486
manifestly	4.0484
abbott	4.0483
epidemiology	4.0479
clyde	4.0478
discursive	4.0478
undergoes	4.0476
repairing	4.0473
organisational	4.0469
masterpiece	4.0468
presupposes	4.0466
defences	4.0463
dipped	4.0455
entrepreneur	4.0455
syrup	4.0450
contending	4.0448
besieged	4.0447
achilles	4.0446
sedimentation	4.0446
magnetism	4.0443
cereals	4.0437
amazon	4.0433
portsmouth	4.0432
generality	4.0431
contemplating	4.0430
supplemental	4.0430
khrushchev	4.0419
volunteered	4.0408
plenum	4.0398
kisses	4.0393
justifiable	4.0392
o'neill	4.0390
idols	4.0386
sao	4.0385
vertex	4.0377
stockings	4.0372
disinterested	4.0371
manuals	4.0368
bowels	4.0364
modernism	4.0364
accelerate	4.0358
benzene	4.0354
primacy	4.0350
oscillator	4.0346
conciliation	4.0344
ee	4.0337
haiti	4.0329
anecdote	4.0327
oratory	4.0322
pius	4.0317
bleak	4.0313
pioneering	4.0310
graces	4.0309
rama	4.0300
deter	4.0299
idem	4.0278
weld	4.0272
tilt	4.0271
yon	4.0267
belfast	4.0263
lui	4.0254
partisans	4.0253
cynical	4.0249
chancery	4.0245
politely	4.0244
genres	4.0244
influenza	4.0240
irreversible	4.0238
serbia	4.0233
francesco	4.0230
tenets	4.0229
greg	4.0223
mildly	4.0220
tags	4.0215
macarthur	4.0212
assimilated	4.0211
incense	4.0209
sorted	4.0192
plurality	4.0190
filthy	4.0184
mayo	4.0170
joyful	4.0163
supervise	4.0161
chant	4.0157
walnut	4.0156
yo	4.0151
pests	4.0136
riley	4.0128
dump	4.0124
transforms	4.0122
yr	4.0112
supporter	4.0107
reconnaissance	4.0105
sophistication	4.0105
fisherman	4.0098
surveyor	4.0097
recipes	4.0093
lester	4.0081
calves	4.0073
cooke	4.0071
coma	4.0063
johannes	4.0057
empowerment	4.0057
og	4.0053
follower	4.0050
cottages	4.0044
suffolk	4.0043
sane	4.0041
mutiny	4.0041
voltages	4.0038
prostitutes	4.0037
sigma	4.0035
witty	4.0029
boycott	4.0029
holly	4.0022
pleases	4.0018
stochastic	4.0010
dissipation	4.0006
quart	4.0006
generators	4.0003
cambodia	4.0003
jolly	4.0000
phantom	4.0000
rags	4.0000
lifts	3.9994
petit	3.9990
shortening	3.9989
disney	3.9988
probes	3.9987
unnoticed	3.9980
scars	3.9977
renounce	3.9973
donations	3.9963
emergencies	3.9959
signification	3.9950
scissors	3.9949
lends	3.9945
suez	3.9944
yacht	3.9940
visa	3.9938
capacitance	3.9936
toledo	3.9931
insulated	3.9928
adrian	3.9928
spells	3.9927
camels	3.9917
insurer	3.9917
analogies	3.9915
myriad	3.9911
fuck	3.9905
jon	3.9899
photographed	3.9892
weekends	3.9878
bombardment	3.9874
randall	3.9867
recycling	3.9862
gentile	3.9857
activate	3.9856
wittgenstein	3.9855
zoo	3.9852
reptiles	3.9851
yahweh	3.9846
seating	3.9836
alto	3.9833
proportionate	3.9832
carts	3.9827
exeter	3.9818
pea	3.9816
chewing	3.9813
activism	3.9807
autobiographical	3.9803
misconduct	3.9800
captives	3.9800
freshwater	3.9787
scientifically	3.9787
naturalist	3.9765
sean	3.9765
visionary	3.9764
lorraine	3.9763
invading	3.9758
starved	3.9751
harlem	3.9746
fullness	3.9746
elevations	3.9743
feb	3.9739
creations	3.9738
feat	3.9735
wilde	3.9734
restitution	3.9733
keats	3.9732
grandma	3.9722
fowl	3.9718
tunes	3.9709
incorporates	3.9707
bug	3.9701
valence	3.9700
interplay	3.9697
niagara	3.9695
desirability	3.9693
educating	3.9687
companionship	3.9685
watershed	3.9674
celebrating	3.9672
pharaoh	3.9672
emergent	3.9666
diane	3.9659
germanic	3.9656
dell	3.9652
entrepreneurial	3.9649
prominently	3.9635
macbeth	3.9632
excursions	3.9629
unused	3.9625
spit	3.9624
alleviate	3.9622
neonatal	3.9616
reigns	3.9614
parochial	3.9611
cookies	3.9611
plexus	3.9610
taller	3.9606
antagonist	3.9606
pastors	3.9602
lumen	3.9596
centrifugal	3.9593
correlates	3.9593
neglecting	3.9583
lessened	3.9580
schuster	3.9570
monsters	3.9567
habitation	3.9563
seneca	3.9562
deformed	3.9562
palpable	3.9559
gaul	3.9555
stitch	3.9550
paddy	3.9532
waged	3.9528
tumours	3.9522
fay	3.9521
treacherous	3.9519
narrowing	3.9514
rigidly	3.9508
desperation	3.9504
dogmatic	3.9502
attaching	3.9500
uniqueness	3.9492
blaze	3.9489
ther	3.9483
mute	3.9480
cervix	3.9480
bombers	3.9480
progresses	3.9478
plank	3.9478
responsiveness	3.9470
grossly	3.9468
meredith	3.9467
overtime	3.9467
bulls	3.9461
drains	3.9459
noblest	3.9453
frogs	3.9443
recombination	3.9439
unreliable	3.9418
val	3.9418
overflow	3.9417
ethyl	3.9415
stains	3.9409
rudimentary	3.9409
commandment	3.9397
intervened	3.9386
kilometres	3.9382
fractional	3.9380
toxin	3.9379
forster	3.9377
compartments	3.9375
publishes	3.9374
decentralization	3.9373
weave	3.9369
asean	3.9366
chuck	3.9366
uneasiness	3.9357
aye	3.9353
sacramento	3.9350
huxley	3.9347
boyle	3.9343
ly	3.9340
peg	3.9337
levine	3.9335
perilous	3.9325
n't	3.9321
cores	3.9319
synchronous	3.9316
decedent	3.9306
advisor	3.9298
bulbs	3.9294
peculiarity	3.9292
purchasers	3.9286
scriptural	3.9285
handing	3.9285
schiller	3.9277
dummy	3.9268
mamma	3.9268
bihar	3.9251
suspense	3.9249
platonic	3.9248
coagulation	3.9248
lessee	3.9246
topped	3.9245
congressman	3.9244
isotope	3.9241
morbidity	3.9233
harvested	3.9225
beset	3.9216
annotated	3.9215
contacted	3.9215
gamble	3.9215
persona	3.9211
oversight	3.9207
embroidered	3.9200
tubing	3.9198
habitually	3.9196
idolatry	3.9190
tit	3.9187
pumped	3.9183
toss	3.9179
discard	3.9178
retaliation	3.9177
tilted	3.9174
stump	3.9174
imitated	3.9173
beggar	3.9171
surrounds	3.9161
inexperienced	3.9159
valentine	3.9158
orbits	3.9157
apartheid	3.9156
dwellers	3.9153
tudor	3.9153
testator	3.9147
ballads	3.9146
dunn	3.9142
coward	3.9141
newcomers	3.9139
affluent	3.9138
fright	3.9119
georg	3.9117
mem	3.9113
visitation	3.9108
anthropologist	3.9102
lure	3.9101
gi	3.9088
institutionalized	3.9086
minimized	3.9082
completes	3.9081
discretionary	3.9075
migrate	3.9070
accuse	3.9060
transports	3.9058
calhoun	3.9055
coloring	3.9038
chords	3.9035
permanence	3.9034
brink	3.9025
entrenched	3.9023
reconstruct	3.9016
moth	3.9015
smells	3.9014
hercules	3.9013
dilatation	3.9012
endothelial	3.9000
laterally	3.8997
deductible	3.8992
pans	3.8985
assembling	3.8985
subdivisions	3.8984
unsuitable	3.8978
spines	3.8975
psychol	3.8975
dilated	3.8973
infantile	3.8961
secretions	3.8959
xxvi	3.8957
explorations	3.8951
sewer	3.8950
fabulous	3.8950
illus	3.8943
chick	3.8937
cpu	3.8932
rebuilding	3.8929
anomalous	3.8923
faulkner	3.8922
indemnity	3.8915
peach	3.8912
spears	3.8912
lied	3.8911
academics	3.8904
elector	3.8900
acknowledgements	3.8898
eliza	3.8896
fielding	3.8895
laughs	3.8893
commandant	3.8892
paine	3.8886
tx	3.8883
ethnographic	3.8879
daisy	3.8874
volcano	3.8873
donation	3.8864
showers	3.8863
subcutaneous	3.8861
coaching	3.8861
discounts	3.8861
graphite	3.8860
marshes	3.8859
arduous	3.8859
zen	3.8857
intangible	3.8852
regimen	3.8851
therapies	3.8838
irregularities	3.8834
mas	3.8819
despatched	3.8817
confidentiality	3.8817
postulate	3.8816
baghdad	3.8815
edison	3.8811
regulator	3.8805
helm	3.8797
glenn	3.8788
everett	3.8776
proletarian	3.8775
diminishes	3.8772
algebraic	3.8760
burgess	3.8755
ki	3.8752
attaches	3.8751
chased	3.8750
lame	3.8747
executor	3.8744
monitors	3.8743
buddy	3.8741
authentication	3.8739
isa	3.8739
nodules	3.8727
sera	3.8722
portray	3.8716
mates	3.8711
motherhood	3.8709
programmer	3.8703
tribunals	3.8703
invariant	3.8696
visualization	3.8695
bedding	3.8694
operatives	3.8691
deborah	3.8685
airborne	3.8681
torment	3.8671
maneuver	3.8671
gin	3.8669
nichols	3.8657
claws	3.8652
pal	3.8641
liturgical	3.8637
kettle	3.8635
kai	3.8631
apr	3.8629
eased	3.8629
daytime	3.8626
antwerp	3.8621
ode	3.8617
sticky	3.8617
appleton	3.8617
muse	3.8609
snatched	3.8602
importing	3.8596
